,DTronc,LTronc,DChar,LChar,DChar1,LChar1,DChar2,LChar2,DChar3,LChar3,DChar4,LChar4,NumRam,DRam,LRam,PFr1,DFr1,PFr2,DFr2,PFr3,DFr3,PFr4,DFr4,PFr6,DFr6,DChar5,LChar5,PFr5,DFr5
0,66.5,40,39.0,40.0,53.75,1.0,,,,,,,R1,6.14,50.0,112.0,56.0,,,,,,,0.0,0.0,0.0,0.0,0.0,0.0
1,66.5,40,39.0,40.0,53.75,1.0,6.14,4.0,,,,,R2,5.21,51.0,,,,,,,,,0.0,0.0,0.0,0.0,0.0,0.0
2,66.5,40,39.0,58.0,14.2,7.3,,,,,,,R3,7.1,1.6,72.0,47.5,,,,,,,0.0,0.0,0.0,0.0,0.0,0.0
3,66.5,40,39.0,17.0,62.2,10.0,,,,,,,R4,9.05,59.0,,,,,,,,,0.0,0.0,0.0,0.0,0.0,0.0
4,66.5,40,39.0,17.0,62.2,35.0,20.86,1.0,,,,,R5,7.48,59.0,200.0,71.0,,,,,,,0.0,0.0,0.0,0.0,0.0,0.0
5,66.5,40,39.0,17.0,62.2,14.0,14.55,6.0,,,,,R6,4.6,32.0,174.0,67.0,,,,,,,0.0,0.0,0.0,0.0,0.0,0.0
6,66.5,40,39.0,17.0,62.2,14.0,14.55,7.0,,,,,R7,5.71,49.0,156.0,65.0,116.0,56.0,48.0,44.0,,,0.0,0.0,0.0,0.0,0.0,0.0
7,66.5,40,39.0,17.0,62.2,-6.5,13.33,2.0,,,,,R8,8.2,49.0,130.0,60.5,,,,,,,0.0,0.0,0.0,0.0,0.0,0.0
8,66.5,40,39.0,17.0,62.2,-6.5,13.33,6.0,,,,,R9,5.32,47.0,104.0,53.5,,,,,,,0.0,0.0,0.0,0.0,0.0,0.0
9,66.5,40,39.0,17.0,62.2,14.0,,,,,,,R10,7.42,65.0,68.0,45.0,46.0,40.0,42.0,38.0,54.0,46.0,0.0,0.0,0.0,0.0,0.0,0.0
10,66.5,40,39.0,17.0,62.2,22.0,,,,,,,R11,8.06,68.0,148.0,62.0,,,,,,,0.0,0.0,0.0,0.0,0.0,0.0
11,66.5,40,39.0,17.0,62.2,6.0,14.21,8.0,,,,,R12,7.85,86.0,138.0,60.0,76.0,49.5,80.0,48.0,58.0,47.0,0.0,0.0,0.0,0.0,0.0,0.0
12,66.5,40,39.0,17.0,62.2,23.0,,,,,,,R13,13.51,79.0,198.0,71.0,180.0,69.0,,,,,0.0,0.0,0.0,0.0,0.0,0.0
13,66.5,40,39.0,17.0,62.2,10.0,36.6,3.0,13.92,9.0,,,R14,9.5,94.0,156.0,62.0,120.0,57.0,,,,,0.0,0.0,0.0,0.0,0.0,0.0
14,66.5,40,39.0,17.0,62.2,10.0,36.6,3.0,13.92,4.0,,,R15,9.53,66.0,158.0,66.0,174.0,51.0,,,,,0.0,0.0,0.0,0.0,0.0,0.0
15,66.5,40,39.0,17.0,62.2,-10.0,,,,,,,R16,6.93,45.0,176.0,64.5,158.0,63.5,,,,,0.0,0.0,0.0,0.0,0.0,0.0
16,66.5,40,39.0,17.0,62.2,-15.0,,,,,,,R17,6.5,24.0,118.0,64.0,88.0,65.0,,,,,0.0,0.0,0.0,0.0,0.0,0.0
17,66.5,40,39.0,17.0,62.2,23.0,26.0,4.0,,,,,R18,4.76,27.0,162.0,65.5,,,,,,,0.0,0.0,0.0,0.0,0.0,0.0
18,66.5,40,39.0,17.0,62.2,23.0,26.0,23.0,14.24,3.5,,,R19,11.95,108.0,146.0,66.0,164.0,68.0,116.0,64.5,,,0.0,0.0,0.0,0.0,0.0,0.0
19,66.5,40,39.0,17.0,62.2,23.0,26.0,0.0,16.06,42.0,14.54,8.0,R20,10.8,95.0,238.0,77.0,,,,,,,0.0,0.0,0.0,0.0,0.0,0.0
20,66.5,40,39.0,17.0,62.2,23.0,26.0,0.0,16.06,42.0,14.54,6.0,R21,8.18,60.0,166.0,55.0,,,,,,,0.0,0.0,0.0,0.0,0.0,0.0
21,66.5,40,39.0,0.0,,,,,,,,,R22,4.58,32.0,110.0,61.5,,,,,,,0.0,0.0,0.0,0.0,0.0,0.0
22,66.5,40,39.0,59.0,,,,,,,,,R23,6.32,31.0,154.0,66.0,,,,,,,0.0,0.0,0.0,0.0,0.0,0.0
23,66.5,40,39.0,13.0,,,,,,,,,R24,7.12,58.0,,,,,,,,,0.0,0.0,0.0,0.0,0.0,0.0
24,66.5,40,39.0,0.0,13.02,1.0,13.62,19.0,,,,,R25,6.96,75.0,146.0,63.0,106.0,58.0,92.0,58.0,,,0.0,0.0,0.0,0.0,0.0,0.0
25,66.5,40,39.0,8.0,13.02,0.0,,,,,,,R26,10.89,123.0,184.0,69.0,186.0,66.0,,,,,0.0,0.0,0.0,0.0,0.0,0.0
26,66.5,40,39.0,32.0,60.0,36.0,43.0,23.0,,,,,R27,8.9,92.0,172.0,69.0,,,,,,,0.0,0.0,0.0,0.0,0.0,0.0
27,66.5,40,39.0,9.0,54.07,28.5,,,,,,,R94,6.74,76.5,,,,,,,,,0.0,0.0,0.0,0.0,0.0,0.0
28,66.5,40,39.0,32.0,60.0,36.0,43.0,12.0,,,,,R28,9.48,93.0,200.0,73.5,,,,,,,0.0,0.0,0.0,0.0,0.0,0.0
29,66.5,40,39.0,32.0,60.0,8.0,51.0,27.0,,,,,R29,10.16,118.0,222.0,75.0,200.0,74.5,224.0,75.0,,,0.0,0.0,0.0,0.0,0.0,0.0
30,66.5,40,39.0,32.0,60.0,-3.0,,,,,,,R30,8.55,105.0,174.0,68.0,140.0,60.0,,,,,0.0,0.0,0.0,0.0,0.0,0.0
31,66.5,40,39.0,32.0,60.0,3.0,51.0,40.0,,,,,R31,8.66,101.0,164.0,68.0,172.0,69.5,172.0,70.0,,,0.0,0.0,0.0,0.0,0.0,0.0
32,66.5,40,90.0,54.0,12.94,12.0,,,,,,,R32,10.01,102.0,106.0,57.0,,,,,,,0.0,0.0,0.0,0.0,0.0,0.0
33,66.5,40,90.0,54.0,12.94,3.0,,,,,,,R33,5.96,53.0,128.0,58.0,118.0,57.0,,,,,0.0,0.0,0.0,0.0,0.0,0.0
34,66.5,40,90.0,29.0,9.77,30.0,,,,,,,R34,4.83,39.0,118.0,55.0,,,,,,,0.0,0.0,0.0,0.0,0.0,0.0
35,66.5,40,90.0,34.0,20.0,16.0,,,,,,,R35,7.12,93.0,122.0,58.0,122.0,58.0,,,,,0.0,0.0,0.0,0.0,0.0,0.0
36,66.5,40,90.0,34.0,40.0,13.0,,,,,,,R36,16.15,60.0,152.0,61.0,92.0,54.0,,,,,0.0,0.0,0.0,0.0,0.0,0.0
37,66.5,40,90.0,34.0,40.0,10.0,13.44,29.0,,,,,R37,4.01,27.0,176.0,69.5,,,,,,,0.0,0.0,0.0,0.0,0.0,0.0
38,66.5,40,90.0,34.0,40.0,10.0,13.44,13.0,,,,,R38,5.48,29.0,,,,,,,,,0.0,0.0,0.0,0.0,0.0,0.0
39,66.5,40,90.0,34.0,40.0,56.0,12.72,1.0,,,,,R39,7.2,54.0,,,,,,,,,0.0,0.0,0.0,0.0,0.0,0.0
40,66.5,40,90.0,34.0,40.0,3.0,,,,,,,R40,17.77,180.0,254.0,78.0,226.0,76.0,182.0,70.0,,,0.0,0.0,0.0,0.0,0.0,0.0
41,66.5,40,90.0,40.0,76.0,43.0,8.62,15.0,,,,,R41,11.42,125.0,152.0,68.0,138.0,61.0,,,,,0.0,0.0,0.0,0.0,0.0,0.0
42,66.5,40,90.0,110.0,14.86,3.0,,,,,,,R42,7.99,70.5,172.0,68.0,,,,,,,0.0,0.0,0.0,0.0,0.0,0.0
43,66.5,40,90.0,110.0,14.86,14.5,,,,,,,R43,6.73,40.0,,,,,,,,,0.0,0.0,0.0,0.0,0.0,0.0
44,66.5,40,90.0,22.0,22.87,41.0,,,,,,,R44,13.35,92.0,178.0,76.0,248.0,78.0,,,,,0.0,0.0,0.0,0.0,0.0,0.0
45,66.5,40,90.0,-17.0,18.98,6.0,,,,,,,R45,12.7,138.0,,,,,,,,,0.0,0.0,0.0,0.0,0.0,0.0
46,66.5,40,31.5,56.0,35.82,59.0,,,,,,,R46,4.81,26.0,144.0,63.5,,,,,,,0.0,0.0,0.0,0.0,0.0,0.0
47,66.5,40,31.5,56.0,35.82,3.0,,,,,,,R47,8.6,94.0,114.0,56.0,,,,,,,0.0,0.0,0.0,0.0,0.0,0.0
48,66.5,40,31.5,56.0,35.82,2.0,19.12,8.0,,,,,R48,4.83,31.5,,,,,,,,,0.0,0.0,0.0,0.0,0.0,0.0
49,66.5,40,31.5,56.0,35.82,2.0,19.12,6.5,,,,,R49,8.05,64.0,,,,,,,,,0.0,0.0,0.0,0.0,0.0,0.0
50,66.5,40,31.5,56.0,35.82,2.0,19.12,16.0,,,,,R50,8.74,53.0,86.0,57.0,104.0,62.0,,,,,0.0,0.0,0.0,0.0,0.0,0.0
51,66.5,40,31.5,56.0,35.82,0.0,19.47,24.0,,,,,R51,7.48,76.0,188.0,70.0,158.0,75.5,,,,,0.0,0.0,0.0,0.0,0.0,0.0
52,66.5,40,31.5,56.0,35.82,0.0,19.47,2.0,,,,,R52,7.46,39.0,182.0,72.0,174.0,70.0,,,,,0.0,0.0,0.0,0.0,0.0,0.0
53,66.5,40,31.5,56.0,48.52,44.0,,,,,,,R53,5.96,60.0,144.0,49.0,96.0,55.0,,,,,0.0,0.0,0.0,0.0,0.0,0.0
54,66.5,40,31.5,56.0,48.52,12.5,,,,,,,R54,7.97,80.0,190.0,70.0,,,,,,,0.0,0.0,0.0,0.0,0.0,0.0
55,66.5,40,31.5,56.0,48.52,20.0,8.98,8.0,,,,,R55,6.38,88.0,128.0,60.0,,,,,,,0.0,0.0,0.0,0.0,0.0,0.0
56,66.5,40,31.5,56.0,48.52,29.5,,,,,,,R56,6.0,29.0,126.0,59.0,,,,,,,0.0,0.0,0.0,0.0,0.0,0.0
57,66.5,40,31.5,56.0,48.52,23.0,,,,,,,R57,7.36,26.0,138.0,66.0,148.0,64.5,,,,,0.0,0.0,0.0,0.0,0.0,0.0
58,66.5,40,31.5,56.0,48.52,4.0,,,,,,,R58,9.29,63.0,190.0,68.0,134.0,59.0,,,,,0.0,0.0,0.0,0.0,0.0,0.0
59,66.5,40,31.5,56.0,48.52,46.5,13.3,2.5,,,,,R59,8.02,83.0,132.0,60.0,164.0,68.0,146.0,60.0,140.0,64.0,0.0,0.0,0.0,0.0,0.0,0.0
60,66.5,40,31.5,34.0,13.69,6.5,,,,,,,R60,4.62,27.0,,,,,,,,,0.0,0.0,0.0,0.0,0.0,0.0
61,66.5,40,31.5,34.0,13.69,3.0,,,,,,,R61,7.86,23.0,,,,,,,,,0.0,0.0,0.0,0.0,0.0,0.0
62,66.5,40,31.5,35.5,,,,,,,,,R62,17.04,175.0,232.0,73.0,108.0,58.0,,,,,0.0,0.0,0.0,0.0,0.0,0.0
63,66.5,40,31.5,28.0,37.13,3.5,,,,,,,R63,5.94,55.5,,,,,,,,,0.0,0.0,0.0,0.0,0.0,0.0
64,66.5,40,31.5,13.0,54.43,94.0,,,,,,,R64,9.06,67.0,,,,,,,,,0.0,0.0,0.0,0.0,0.0,0.0
65,66.5,40,31.5,13.0,54.43,7.0,31.15,17.0,,,,,R65,11.97,73.0,208.0,71.0,168.0,66.5,192.0,69.0,,,0.0,0.0,0.0,0.0,0.0,0.0
66,66.5,40,31.5,13.0,54.43,7.0,29.13,4.0,,,,,R66,11.62,77.0,224.0,74.0,150.0,63.0,170.0,76.0,,,0.0,0.0,0.0,0.0,0.0,0.0
67,66.5,40,31.5,13.0,54.43,-47.0,,,,,,,R67,4.0,133.0,262.0,84.0,262.0,85.0,144.0,63.0,,,0.0,0.0,0.0,0.0,0.0,0.0
68,66.5,40,31.5,30.0,52.92,28.5,28.16,3.0,,,,,R68,8.15,67.0,,,,,,,,,0.0,0.0,0.0,0.0,0.0,0.0
69,66.5,40,31.5,30.0,52.92,28.5,28.16,0.0,,,,,R69,10.88,107.5,246.0,74.0,206.0,70.0,192.0,71.0,162.0,65.0,0.0,0.0,0.0,0.0,0.0,0.0
70,66.5,40,31.5,30.0,52.92,16.0,26.64,3.0,,,,,R70,9.63,81.5,172.0,68.0,158.0,65.0,158.0,65.0,,,0.0,0.0,0.0,0.0,0.0,0.0
71,66.5,40,31.5,30.0,52.92,16.0,26.64,0.0,,,,,R71,8.19,69.5,224.0,64.0,148.0,64.0,162.0,75.0,,,0.0,0.0,0.0,0.0,0.0,0.0
72,66.5,40,31.5,30.0,52.92,14.0,15.99,36.0,,,,,R72,10.24,56.5,182.0,69.0,138.0,63.0,,,,,0.0,0.0,0.0,0.0,0.0,0.0
73,66.5,40,31.5,30.0,52.92,-16.0,,,,,,,R73,8.04,87.0,200.0,70.0,156.0,64.0,,,,,0.0,0.0,0.0,0.0,0.0,0.0
74,66.5,40,29.5,24.0,,,,,,,,,R74,15.37,123.0,168.0,66.0,130.0,63.0,,,,,0.0,0.0,0.0,0.0,0.0,0.0
75,66.5,40,29.5,23.0,,,,,,,,,R75,4.79,43.5,110.0,56.0,,,,,,,0.0,0.0,0.0,0.0,0.0,0.0
76,66.5,40,29.5,56.0,15.49,5.0,,,,,,,R76,6.18,61.0,170.0,65.0,136.0,61.5,74.0,54.0,,,0.0,0.0,0.0,0.0,0.0,0.0
77,66.5,40,29.5,-46.5,11.89,4.0,,,,,,,R77,4.68,41.0,,,,,,,,,0.0,0.0,0.0,0.0,0.0,0.0
78,66.5,40,29.5,-46.5,11.89,4.5,9.36,14.0,,,,,R78,6.55,43.0,134.0,68.0,116.0,66.0,,,,,0.0,0.0,0.0,0.0,0.0,0.0
79,66.5,40,29.5,-14.5,,,,,,,,,R79,5.64,59.5,,,,,,,,,0.0,0.0,0.0,0.0,0.0,0.0
80,66.5,40,29.5,32.0,16.3,11.0,,,,,,,R80,4.39,28.0,74.0,51.0,76.0,50.0,82.0,49.0,,,0.0,0.0,0.0,0.0,0.0,0.0
81,66.5,40,29.5,32.0,16.3,6.0,,,,,,,R81,5.4,34.0,110.0,57.0,,,,,,,0.0,0.0,0.0,0.0,0.0,0.0
82,66.5,40,29.5,32.0,16.3,2.0,,,,,,,R82,4.96,45.0,102.0,52.5,,,,,,,0.0,0.0,0.0,0.0,0.0,0.0
83,66.5,40,29.5,30.0,14.84,12.65,,,,,,,R83,10.63,113.0,148.0,63.0,202.0,70.0,134.0,68.0,,,0.0,0.0,0.0,0.0,0.0,0.0
84,66.5,40,29.5,65.0,,,,,,,,,R84,4.93,23.5,134.0,58.0,,,,,,,0.0,0.0,0.0,0.0,0.0,0.0
85,66.5,40,29.5,13.5,10.5,9.5,,,,,,,R85,6.0,61.0,146.0,64.0,,,,,,,0.0,0.0,0.0,0.0,0.0,0.0
86,66.5,40,29.5,12.0,,,,,,,,,R86,7.35,32.5,164.0,69.0,126.0,63.5,,,,,0.0,0.0,0.0,0.0,0.0,0.0
87,66.5,40,29.5,23.5,,,,,,,,,R87,9.64,117.0,172.0,67.0,244.0,77.0,192.0,70.0,,,0.0,0.0,0.0,0.0,0.0,0.0
88,66.5,40,29.5,5.5,30.88,38.0,,,,,,,R88,9.35,80.0,210.0,70.0,194.0,70.0,258.0,78.0,,,0.0,0.0,0.0,0.0,0.0,0.0
89,66.5,40,29.5,9.0,,,,,,,,,R89,10.25,106.5,,,,,,,,,0.0,0.0,0.0,0.0,0.0,0.0
90,66.5,40,29.5,-45.0,66.38,31.0,59.17,10.0,,,,,R90,10.14,116.0,136.0,60.0,,,,,,,0.0,0.0,0.0,0.0,0.0,0.0
91,66.5,40,29.5,-45.0,66.38,31.0,59.17,8.5,19.16,13.0,,,R91,5.1,20.0,186.0,69.0,,,,,,,0.0,0.0,0.0,0.0,0.0,0.0
92,66.5,40,29.5,-45.0,66.38,31.0,59.17,8.5,19.16,9.0,,,R92,11.72,106.5,214.0,73.0,200.0,68.0,182.0,69.0,,,0.0,0.0,0.0,0.0,0.0,0.0
93,66.5,40,29.5,-45.0,66.38,31.0,59.17,8.5,19.16,19.0,,,R93,8.3,73.0,218.0,74.0,248.0,76.0,71.0,47.0,,,0.0,0.0,0.0,0.0,0.0,0.0
94,66.5,40,29.5,-45.0,66.38,30.5,43.03,10.0,24.29,6.5,,,R95,5.74,48.5,,,,,,,,,0.0,0.0,0.0,0.0,0.0,0.0
95,66.5,40,29.5,-45.0,66.38,0.0,44.93,9.5,,,,,R96,10.49,87.0,214.0,73.5,222.0,73.5,190.0,71.0,,,0.0,0.0,0.0,0.0,0.0,0.0
96,66.5,40,29.5,-45.0,66.38,0.0,44.93,3.0,18.94,20.5,,,R97,14.5,100.0,280.0,79.0,152.0,67.0,262.0,82.0,,,0.0,0.0,0.0,0.0,0.0,0.0
0,64.5,34,33.0,62.0,,,,,,,,,R1,20.0,104.0,126.0,62.0,,,,,,,,,,,,
1,64.5,34,33.0,46.0,,,,,,,,,R2,10.0,59.5,166.0,66.0,,,,,,,,,,,,
2,64.5,34,33.0,66.0,,,,,,,,,R3,12.0,107.0,158.0,69.0,178.0,71.5,58.0,47.0,,,,,,,,
3,64.5,34,33.0,8.5,,,,,,,,,R4,9.0,70.5,186.0,73.5,178.0,72.0,152.0,65.0,,,,,,,,
4,64.5,34,33.0,0.0,,,,,,,,,R5,16.0,129.0,162.0,68.0,136.0,63.0,210.0,74.0,218.0,75.0,130.0,61.5,,,140.0,63.0
5,64.5,34,33.0,0.0,66.0,35.0,,,,,,,R6,7.0,44.0,128.0,61.0,134.0,61.0,142.0,65.0,112.0,60.0,,,,,,
6,64.5,34,33.0,0.0,66.0,0.0,10.0,5.0,,,,,R7,6.0,17.0,158.0,67.0,,,,,,,,,,,,
7,64.5,34,33.0,0.0,66.0,46.0,46.0,4.0,,,,,R8,9.5,96.0,112.0,57.0,150.0,66.0,,,,,,,,,,
8,64.5,34,33.0,0.0,66.0,46.0,46.0,0.0,,,,,R9,12.5,106.0,90.0,51.0,116.0,59.0,186.0,71.0,236.0,80.0,,,,,222.0,74.0
9,64.5,34,33.0,0.0,66.0,8.0,34.0,20.0,,,,,R10,7.0,45.0,170.0,67.0,,,,,,,,,,,,
10,64.5,34,33.0,0.0,66.0,8.0,34.0,14.0,,,,,R11,7.5,22.0,182.0,69.0,,,,,,,,,,,,
11,64.5,34,33.0,0.0,66.0,8.0,34.0,3.0,,,,,R12,8.0,34.0,210.0,73.0,200.0,74.0,,,,,,,,,,
12,64.5,34,33.0,0.0,66.0,8.0,34.0,7.0,13.0,6.0,,,R13,6.0,28.0,148.0,60.5,126.0,58.0,,,,,,,,,,
13,64.5,34,33.0,0.0,66.0,8.0,34.0,3.0,12.0,7.0,,,R14,9.5,43.0,172.0,66.5,,,,,,,,,,,,
14,64.5,34,32.5,66.0,55.5,25.0,,,,,,,R15,5.0,20.0,168.0,67.0,,,,,,,,,,,,
15,64.5,34,32.5,66.0,55.5,15.0,,,,,,,R16,9.0,89.5,104.0,56.5,202.0,73.0,184.0,70.0,,,,,,,,
16,64.5,34,32.5,66.0,55.5,0.0,,,,,,,R17,19.5,183.0,108.0,56.5,158.0,67.0,,,,,,,,,,
17,64.5,34,32.5,66.0,55.5,26.0,,,,,,,R18,11.0,115.5,196.0,70.0,104.0,54.0,112.0,58.0,,,,,,,,
18,64.5,34,32.5,66.0,55.5,-36.0,11.0,2.0,,,,,R19,5.0,34.5,152.0,67.0,,,,,,,,,,,,
19,64.5,34,32.5,66.0,55.5,46.0,,,,,,,R20,11.0,3.0,140.0,63.0,178.0,69.0,,,,,,,,,,
20,64.5,34,32.5,66.0,55.5,0.0,35.0,36.0,,,,,R21,17.0,17.0,194.0,70.0,152.0,69.0,148.0,65.0,200.0,70.0,,,,,,
21,64.5,34,32.5,66.0,55.5,0.0,35.0,36.0,17.0,77.0,,,R22,9.0,50.0,174.0,68.0,150.0,64.0,,,,,,,,,,
22,64.5,34,32.5,66.0,55.5,17.0,,,,,,,R23,7.0,70.0,92.0,53.0,70.0,52.0,74.0,48.5,,,,,,,,
23,64.5,34,32.5,66.0,55.5,0.0,,,,,,,R24,4.5,38.0,112.0,57.0,90.0,54.0,,,,,,,,,,
24,64.5,34,32.5,66.0,55.5,21.0,,,,,,,R25,14.5,106.0,204.0,71.5,200.0,72.0,166.0,66.0,156.0,62.0,,,,,,
25,64.5,34,32.5,66.0,55.5,17.0,24.0,7.5,,,,,R26,11.0,82.0,182.0,67.0,214.0,75.0,150.0,63.0,116.0,59.0,,,,,,
26,64.5,34,32.5,66.0,55.5,17.0,24.0,22.0,,,,,R27,7.0,47.0,216.0,75.0,186.0,70.5,180.0,70.0,,,,,,,,
27,64.5,34,32.5,66.0,55.5,17.0,24.0,15.0,9.5,5.0,,,R28,9.0,71.5,150.0,64.0,154.0,65.0,,,,,,,,,,
28,64.5,34,32.5,66.0,55.5,17.0,24.0,0.0,,,,,R29,11.0,67.0,106.0,55.0,158.0,64.0,170.0,68.0,192.0,68.5,,,,,208.0,74.0
29,64.5,34,32.5,0.0,,,,,,,,,R30,,,100.0,57.5,,,,,,,,,,,,
30,64.5,34,32.5,24.0,,,,,,,,,R31,13.0,107.0,160.0,64.0,58.0,49.0,,,,,,,,,,
31,64.5,34,32.5,86.0,12.0,13.0,,,,,,,R32,7.0,63.0,148.0,64.0,,,,,,,,,,,,
32,64.5,34,32.5,25.0,61.5,16.0,,,,,,,R33,7.5,68.0,146.0,63.0,114.0,60.0,158.0,65.0,,,,,,,,
33,64.5,34,32.5,25.0,61.5,-7.0,,,,,,,R34,6.0,67.5,134.0,62.0,108.0,57.5,84.0,54.0,,,,,,,,
34,64.5,34,32.5,25.0,61.5,7.0,,,,,,,R35,9.0,104.0,166.0,66.5,176.0,68.0,,,,,,,,,,
35,64.5,34,32.5,0.0,,,,,,,,,R36,8.0,79.0,230.0,77.0,140.0,64.0,128.0,69.5,,,,,,,,
36,64.5,34,32.5,42.0,57.5,32.0,,,,,,,R37,6.0,40.0,178.0,69.0,138.0,64.0,,,,,,,,,,
37,64.5,34,32.5,42.0,57.5,27.0,,,,,,,R38,8.0,59.0,174.0,69.5,242.0,79.0,,,,,,,,,,
38,64.5,34,32.5,42.0,57.5,-7.0,,,,,,,R39,12.5,122.0,136.0,64.0,144.0,65.5,156.0,66.5,,,,,,,,
39,64.5,34,32.5,42.0,57.5,7.0,31.0,4.0,,,,,R40,16.0,100.0,208.0,72.5,216.0,75.0,,,,,,,,,,
40,64.5,34,32.5,42.0,57.5,7.0,31.0,0.0,,,,,R41,14.5,98.0,220.0,76.0,240.0,78.5,132.0,61.0,154.0,67.0,,,,,,
41,64.5,34,32.5,28.5,79.0,0.0,,,,,,,R42,6.0,61.0,98.0,51.0,64.0,46.0,,,,,,,,,,
42,64.5,34,32.5,28.5,26.0,2.0,,,,,,,R43,10.0,110.0,132.0,62.0,118.0,58.0,,,,,,,,,,
43,64.5,34,32.5,32.0,,,,,,,,,R44,5.0,24.5,146.0,64.0,,,,,,,,,,,,
44,64.5,34,32.5,0.0,,,,,,,,,R45,,,,,,,,,,,,,,,,
45,64.5,34,32.5,75.0,36.0,32.0,,,,,,,R46,6.0,64.0,100.0,53.5,138.0,61.0,,,,,,,,,,
46,64.5,34,32.5,75.0,36.0,16.5,,,,,,,R47,9.0,90.0,180.0,64.0,144.0,142.0,,,,,,,,,,
47,64.5,34,32.5,18.0,,,,,,,,,R48,9.0,78.0,148.0,65.0,,,,,,,,,,,,
48,64.5,34,32.5,14.0,,,,,,,,,R49,15.0,59.0,202.0,74.0,184.0,69.0,,,,,,,,,,
49,64.5,34,32.5,7.0,,,,,,,,,R50,9.5,93.0,158.0,61.5,164.0,62.0,234.0,61.0,,,,,,,,
50,64.5,34,32.5,-27.0,13.0,12.0,,,,,,,R51,7.0,64.0,126.0,71.0,152.0,68.0,,,,,,,,,,
51,64.5,34,32.5,54.0,,,,,,,,,R52,5.5,39.0,154.0,61.0,,,,,,,,,,,,
52,64.5,34,32.5,15.0,45.0,41.0,35.0,2.5,,,,,R53,6.0,48.0,154.0,66.0,140.0,63.0,,,,,,,,,,
53,64.5,34,32.5,15.0,45.0,41.0,35.0,0.0,7.0,7.0,,,R54,10.0,55.0,186.0,70.0,200.0,72.0,174.0,74.0,,,,,,,,
54,64.5,34,32.5,15.0,45.0,41.0,35.0,0.0,,,,,R55,8.0,84.0,252.0,78.0,160.0,62.0,84.0,48.0,,,,,,,,
55,64.5,34,32.5,38.0,11.0,5.0,,,,,,,R56,7.0,60.0,192.0,69.0,,,,,,,,,,,,
56,64.5,34,32.5,-3.0,15.0,4.0,,,,,,,R57,9.5,64.0,154.0,63.0,148.0,65.5,168.0,65.0,,,,,,,,
57,64.5,34,32.5,25.0,48.0,3.0,,,,,,,R58,12.5,105.0,256.0,78.5,23.0,75.0,222.0,77.0,180.0,69.0,,,,,,
58,64.5,34,32.5,0.0,20.0,11.0,,,,,,,R59,5.0,18.0,186.0,70.0,,,,,,,,,,,,
59,64.5,34,32.5,0.0,20.0,10.0,,,,,,,R60,5.0,20.0,186.0,69.0,,,,,,,,,,,,
60,64.5,34,32.5,0.0,20.0,5.5,,,,,,,R61,5.5,37.0,184.0,69.0,188.0,69.5,,,,,,,,,,
61,64.5,34,32.5,0.0,20.0,19.0,,,,,,,R62,6.0,28.0,144.0,72.0,,,,,,,,,,,,
62,64.5,34,32.5,0.0,20.0,9.0,,,,,,,R63,9.0,34.5,216.0,63.0,140.0,63.5,,,,,,,,,,
63,64.5,34,32.5,0.0,20.0,60.0,,,,,,,R64,6.0,46.0,188.0,70.0,178.0,69.0,,,,,,,,,,
64,64.5,34,32.5,0.0,20.0,52.0,21.0,2.0,,,,,R65,12.0,45.0,132.0,60.0,184.0,70.0,,,,,,,,,,
65,64.5,34,32.5,0.0,20.0,52.0,21.0,4.0,,,,,R66,7.0,34.0,,,,,,,,,,,,,,
66,64.5,34,32.5,0.0,20.0,52.0,21.0,0.0,,,,,R67,8.0,56.0,164.0,65.0,164.0,68.0,202.0,72.0,148.0,63.0,,,,,,
67,64.5,34,32.5,39.0,16.5,5.5,,,,,,,R68,12.0,91.5,162.0,68.0,162.0,66.5,,,,,,,,,,
68,64.5,34,32.5,47.0,2.65,50.0,22.0,10.0,,,,,R69,10.5,78.0,204.0,72.0,178.0,67.5,232.0,77.0,,,,,,,,
69,64.5,34,32.5,47.0,2.65,50.0,22.0,14.0,,,,,R70,7.5,39.0,188.0,68.0,,,,,,,,,,,,
70,64.5,34,32.5,47.0,2.65,50.0,22.0,-18.0,,,,,R71,7.5,47.0,170.0,76.0,174.0,66.0,118.0,60.0,,,,,,,,
71,64.5,34,32.5,-10.0,8.0,6.5,,,,,,,R72,6.0,65.5,184.0,56.0,108.0,52.5,,,,,,,,,,
72,64.5,34,32.5,12.0,63.0,52.0,18.0,11.0,,,,,R73,9.0,73.0,156.0,66.0,144.0,64.0,,,,,,,,,,
73,64.5,34,32.5,12.0,63.0,52.0,18.0,0.0,,,,,R74,11.0,76.0,104.0,57.0,138.0,68.0,140.0,63.0,138.0,60.0,,,,,,
74,64.5,34,32.5,12.0,63.0,52.0,18.0,6.5,,,,,R75,8.5,63.0,142.0,62.0,160.0,67.0,,,,,,,,,,
75,64.5,34,32.5,12.0,63.0,52.0,18.0,32.0,,,,,R76,11.5,66.0,154.0,64.0,166.0,64.5,150.0,65.0,156.0,66.0,,,,,,
76,64.5,34,32.5,12.0,63.0,52.0,18.0,2.0,,,,,R77,24.0,109.0,178.0,68.0,180.0,69.0,,,154.0,64.5,,,,,,
77,64.5,34,32.5,27.0,,,,,,,,,R78,13.0,105.0,190.0,78.5,154.0,68.5,94.0,53.0,,,,,,,,
78,64.5,34,32.5,38.0,34.0,13.0,,,,,,,R79,5.5,21.0,198.0,74.0,,,,,,,,,,,,
79,64.5,34,32.5,38.0,34.0,6.0,,,,,,,R80,9.0,68.0,186.0,71.0,178.0,69.0,110.0,54.0,,,,,,,,
80,64.5,34,32.5,38.0,34.0,6.5,9.5,5.5,,,,,R81,7.0,47.5,140.0,64.0,126.0,64.0,108.0,65.0,144.0,55.0,,,,,,
81,64.5,34,32.5,38.0,34.0,6.5,9.5,2.0,,,,,R82,7.0,27.0,136.0,61.5,,,,,,,,,,,,
82,64.5,34,32.5,38.0,34.0,6.5,9.5,3.0,14.5,8.0,,,R83,10.0,78.0,192.0,71.5,194.0,73.0,148.0,66.0,,,,,,,,
0,59.5,31,30.0,83.0,17.5,13.5,,,,,0.0,0.0,R1,8.0,74.0,114.0,58.5,178.0,69.0,80.0,50.0,,,,,0.0,0.0,,
1,59.5,31,30.0,83.0,17.5,3.0,,,,,0.0,0.0,R2,7.5,57.0,174.0,66.0,,,,,,,,,0.0,0.0,,
2,59.5,31,30.0,83.0,17.5,21.5,,,,,0.0,0.0,R3,7.0,45.0,106.0,78.0,,,,,,,,,0.0,0.0,,
3,59.5,31,30.0,83.0,17.5,7.5,,,,,0.0,0.0,R4,6.5,56.0,118.0,56.5,76.0,50.0,,,,,,,0.0,0.0,,
4,59.5,31,30.0,83.0,17.5,8.0,,,,,0.0,0.0,R5,5.0,1.5,,,,,,,,,,,0.0,0.0,,
5,59.5,31,30.0,83.0,17.5,31.0,,,,,0.0,0.0,R6,5.0,1.0,,,,,,,,,,,0.0,0.0,,
6,59.5,31,30.0,83.0,17.5,4.5,,,,,0.0,0.0,R7,6.0,40.0,96.0,56.0,,,,,,,,,0.0,0.0,,
7,59.5,31,30.0,13.0,,,,,,,0.0,0.0,R8,9.0,88.5,112.0,56.5,164.0,68.5,112.0,59.0,,,,,0.0,0.0,,
8,59.5,31,30.0,13.0,,,,,,,0.0,0.0,R9,10.5,79.0,114.0,58.0,150.0,64.0,174.0,68.5,,,,,0.0,0.0,,
9,59.5,31,30.0,55.0,,,,,,,0.0,0.0,R10,6.0,6.0,178.0,71.0,,,,,,,,,0.0,0.0,,
10,59.5,31,30.0,0.0,,,,,,,0.0,0.0,R11,6.5,53.0,80.0,52.0,116.0,58.0,,,,,,,0.0,0.0,,
11,59.5,31,30.0,12.0,11.0,5.0,,,,,0.0,0.0,R12,6.0,49.0,138.0,64.0,82.0,48.0,48.0,39.0,,,,,0.0,0.0,,
12,59.5,31,30.0,56.0,13.5,4.5,,,,,0.0,0.0,R13,8.0,49.0,170.0,68.0,,,,,,,,,0.0,0.0,,
13,59.5,31,30.0,-12.0,,,,,,,0.0,0.0,R14,6.5,48.5,80.0,50.0,,,,,,,,,0.0,0.0,,
14,59.5,31,30.0,0.0,,,,,,,0.0,0.0,R15,8.5,30.5,112.0,56.0,120.0,59.5,134.0,60.0,,,,,0.0,0.0,,
15,59.5,31,30.0,34.5,,,,,,,0.0,0.0,R16,9.0,44.5,124.0,61.5,164.0,68.0,198.0,71.0,,,,,0.0,0.0,,
16,59.5,31,30.0,0.0,21.5,2.0,18.0,5.0,,,0.0,0.0,R17,11.0,71.5,118.0,61.0,188.0,73.0,78.0,54.0,162.0,67.0,,,0.0,0.0,136.0,62.5
17,59.5,31,30.0,32.0,,,,,,,0.0,0.0,R18,10.5,89.0,142.0,64.0,194.0,70.0,170.0,65.5,164.0,60.0,,,0.0,0.0,120.0,59.5
18,59.5,31,30.0,0.0,34.0,12.0,,,,,0.0,0.0,R19,9.0,72.0,132.0,62.0,116.0,57.0,216.0,74.0,140.0,65.0,,,0.0,0.0,,
19,59.5,31,30.0,0.0,34.0,13.0,16.0,5.0,,,0.0,0.0,R20,12.0,80.0,172.0,66.0,136.0,61.0,,,,,,,0.0,0.0,,
20,59.5,31,30.0,0.0,34.0,10.0,,,,,0.0,0.0,R21,8.5,49.0,152.0,66.0,120.0,55.5,,,,,,,0.0,0.0,,
21,59.5,31,30.0,0.0,64.0,5.0,,,,,0.0,0.0,R22,10.5,82.5,202.0,73.0,208.0,75.0,170.0,65.0,,,,,0.0,0.0,,
22,59.5,31,30.0,0.0,64.0,12.0,28.5,4.0,,,0.0,0.0,R23,18.0,128.0,200.0,74.0,198.0,73.0,108.0,72.5,,,,,0.0,0.0,,
23,59.5,31,30.0,0.0,64.0,12.0,28.5,0.0,,,0.0,0.0,R24,8.5,56.0,140.0,62.0,162.0,63.0,,,,,,,0.0,0.0,,
24,59.5,31,34.0,66.0,48.0,35.0,,,,,0.0,0.0,R25,11.0,19.0,162.0,68.0,,,,,,,,,0.0,0.0,,
25,59.5,31,34.0,66.0,48.0,29.0,,,,,0.0,0.0,R26,5.0,54.0,,,,,,,,,,,0.0,0.0,,
26,59.5,31,34.0,66.0,48.0,15.0,,,,,0.0,0.0,R27,6.0,22.0,170.0,64.0,,,,,,,,,0.0,0.0,,
27,59.5,31,34.0,66.0,48.0,25.0,,,,,0.0,0.0,R28,10.0,110.0,162.0,69.0,134.0,60.0,136.0,61.5,126.0,58.5,,,0.0,0.0,,
28,59.5,31,34.0,66.0,48.0,25.0,30.0,10.5,13.0,18.5,0.0,0.0,R29,8.5,82.0,172.0,70.0,136.0,62.5,,,,,,,0.0,0.0,,
29,59.5,31,34.0,66.0,48.0,0.0,11.0,7.5,,,0.0,0.0,R30,8.5,82.0,154.0,64.5,,,,,,,,,0.0,0.0,,
30,59.5,31,34.0,29.0,,,,,,,0.0,0.0,R31,7.5,79.5,98.0,55.5,124.0,61.0,118.0,60.0,,,,,0.0,0.0,,
31,59.5,31,34.0,22.0,,,,,,,0.0,0.0,R32,8.5,100.5,138.0,63.0,,,,,,,,,0.0,0.0,,
32,59.5,31,34.0,72.0,31.5,12.0,,,,,0.0,0.0,R33,7.0,26.0,128.0,62.0,142.0,63.0,,,,,,,0.0,0.0,,
33,59.5,31,34.0,72.0,31.5,36.0,,,,,0.0,0.0,R34,9.0,1.5,146.0,66.0,,,,,,,,,0.0,0.0,,
34,59.5,31,34.0,72.0,31.5,16.0,,,,,0.0,0.0,R35,17.0,2.0,146.0,65.0,,,,,,,,,0.0,0.0,,
35,59.5,31,34.0,72.0,31.5,11.0,,,,,0.0,0.0,R36,13.5,78.0,162.0,66.5,66.0,44.5,180.0,70.0,164.0,65.0,110.0,66.0,0.0,0.0,146.0,64.0
36,59.5,31,34.0,72.0,31.5,6.5,,,,,0.0,0.0,R37,19.0,45.0,174.0,62.0,130.0,62.5,168.0,67.0,,,,,0.0,0.0,,
37,59.5,31,34.0,72.0,31.5,-46.5,,,,,0.0,0.0,R38,11.0,78.0,136.0,62.0,142.0,64.0,,,,,,,0.0,0.0,,
38,59.5,31,34.0,0.0,65.0,6.0,,,,,0.0,0.0,R39,10.5,117.0,142.0,72.0,,,,,,,,,0.0,0.0,,
39,59.5,31,34.0,0.0,65.0,94.5,,,,,0.0,0.0,R40,16.0,90.0,206.0,72.0,130.0,65.0,120.0,62.0,,,,,0.0,0.0,,
40,59.5,31,34.0,0.0,65.0,9.5,,,,,0.0,0.0,R41,8.0,56.5,126.0,60.0,,,,,,,,,0.0,0.0,,
41,59.5,31,34.0,62.0,25.0,15.0,,,,,0.0,0.0,R42,8.5,66.0,178.0,61.0,166.0,68.0,,,,,,,0.0,0.0,,
42,59.5,31,34.0,62.0,45.0,1.0,,,,,0.0,0.0,R43,7.5,52.5,,,,,,,,,,,0.0,0.0,,
43,59.5,31,34.0,3.0,,,,,,,0.0,0.0,R44,5.0,46.0,204.0,72.0,202.0,69.0,,,,,,,0.0,0.0,,
44,59.5,31,34.0,0.0,,,,,,,0.0,0.0,R45,7.0,82.0,170.0,66.5,144.0,64.0,96.0,55.0,150.0,64.0,114.0,58.5,0.0,0.0,128.0,60.0
45,59.5,31,34.0,3.0,10.0,6.0,,,,,0.0,0.0,R46,8.5,66.0,170.0,65.0,155.0,67.0,164.0,68.5,,,,,0.0,0.0,,
46,59.5,31,34.0,-53.0,29.0,3.5,17.5,12.5,,,0.0,0.0,R47,7.0,62.0,178.0,62.0,130.0,61.5,146.0,65.0,98.0,55.0,,,0.0,0.0,,
47,59.5,31,34.0,-53.0,29.0,3.5,17.5,-1.5,,,0.0,0.0,R48,6.0,46.0,154.0,67.0,88.0,49.0,164.0,65.0,86.0,52.0,,,0.0,0.0,86.0,50.0
48,59.5,31,33.0,52.0,53.0,68.0,,,,,0.0,0.0,R49,6.5,42.5,188.0,69.0,120.0,53.0,128.0,58.5,,,,,0.0,0.0,,
49,59.5,31,33.0,52.0,53.0,11.0,,,,,0.0,0.0,R50,7.0,43.0,106.0,57.0,92.0,56.0,,,,,,,0.0,0.0,,
50,59.5,31,33.0,52.0,53.0,33.0,,,,,0.0,0.0,R51,8.0,84.5,,,,,,,,,,,0.0,0.0,,
51,59.5,31,33.0,52.0,53.0,30.0,,,,,0.0,0.0,R52,7.0,49.0,184.0,70.5,170.0,66.5,,,,,,,0.0,0.0,,
52,59.5,31,33.0,52.0,53.0,44.0,,,,,0.0,0.0,R53,10.0,77.0,172.0,69.0,148.0,64.0,180.0,70.5,154.0,65.0,,,0.0,0.0,,
53,59.5,31,33.0,52.0,53.0,8.5,,,,,0.0,0.0,R54,10.0,101.0,232.0,75.0,142.0,64.0,222.0,73.0,160.0,63.0,,,0.0,0.0,138.0,63.5
54,59.5,31,33.0,52.0,53.0,0.0,,,,,0.0,0.0,R55,7.0,50.0,182.0,70.0,204.0,72.0,,,,,,,0.0,0.0,,
55,59.5,31,33.0,52.0,53.0,0.0,17.5,11.0,,,0.0,0.0,R56,8.0,44.0,134.0,64.0,156.0,66.0,,,,,,,0.0,0.0,,
56,59.5,31,33.0,80.0,47.0,53.0,,,,,0.0,0.0,R57,7.0,4.5,194.0,72.0,,,,,,,,,0.0,0.0,,
57,59.5,31,33.0,80.0,47.0,28.0,13.0,1.0,,,0.0,0.0,R58,6.0,49.0,196.0,71.0,122.0,62.0,,,,,,,0.0,0.0,,
58,59.5,31,33.0,80.0,47.0,-2.0,,,,,0.0,0.0,R59,7.0,63.0,130.0,62.5,106.0,57.0,,,,,,,0.0,0.0,,
59,59.5,31,33.0,3.0,13.0,5.0,,,,,0.0,0.0,R60,7.0,76.0,204.0,74.0,,,,,,,,,0.0,0.0,,
60,59.5,31,33.0,3.0,13.0,34.0,,,,,0.0,0.0,R61,8.0,83.0,168.0,69.0,218.0,71.5,120.0,58.5,,,,,0.0,0.0,,
61,59.5,31,33.0,3.0,13.0,2.0,,,,,0.0,0.0,R62,4.5,22.5,128.0,62.0,,,,,,,,,0.0,0.0,,
62,59.5,31,33.0,64.0,,,,,,,0.0,0.0,R63,5.0,27.5,142.0,62.0,120.0,57.5,,,,,,,0.0,0.0,,
63,59.5,31,33.0,0.0,,,,,,,0.0,0.0,R64,10.5,104.0,250.0,78.0,132.0,62.0,160.0,66.0,148.0,65.0,,,0.0,0.0,,
64,59.5,31,33.0,16.5,18.0,14.0,,,,,0.0,0.0,R65,6.0,24.0,112.0,56.0,176.0,68.0,,,,,,,0.0,0.0,,
65,59.5,31,33.0,16.5,18.0,24.0,,,,,0.0,0.0,R66,9.0,62.0,176.0,69.0,184.0,68.0,172.0,67.0,,,,,0.0,0.0,,
66,59.5,31,33.0,0.0,,,,,,,0.0,0.0,R67,6.0,37.0,162.0,65.5,138.0,63.0,,,,,,,0.0,0.0,,
67,59.5,31,33.0,20.0,,,,,,,0.0,0.0,R68,5.5,32.0,114.0,59.0,98.0,53.0,,,,,,,0.0,0.0,,
68,59.5,31,33.0,9.0,12.0,4.5,,,,,0.0,0.0,R69,8.0,70.0,156.0,66.0,140.0,61.5,176.0,68.0,138.0,62.5,,,0.0,0.0,,
69,59.5,31,33.0,40.0,,,,,,,0.0,0.0,R70,9.0,50.0,126.0,60.0,128.0,60.0,134.0,60.5,124.0,61.5,,,0.0,0.0,176.0,71.0
70,59.5,31,33.0,1.5,,,,,,,0.0,0.0,R71,11.5,79.0,174.0,68.0,120.0,67.0,166.0,64.0,,,,,0.0,0.0,,
71,59.5,31,33.0,10.0,19.0,8.5,,,,,0.0,0.0,R72,7.0,29.0,162.0,60.5,138.0,62.0,,,,,,,0.0,0.0,,
72,59.5,31,33.0,-52.0,,,,,,,0.0,0.0,R73,6.5,78.0,142.0,61.0,92.0,52.0,102.0,55.5,,,,,0.0,0.0,,
73,59.5,31,33.0,40.0,40.0,9.0,,,,,0.0,0.0,R74,8.0,65.0,148.0,66.0,160.0,64.0,172.0,67.0,,,,,0.0,0.0,,
74,59.5,31,36.0,85.0,,,,,,,0.0,0.0,R75,6.0,1.0,130.0,62.5,,,,,,,,,0.0,0.0,,
75,59.5,31,36.0,58.0,52.0,6.0,,,,,0.0,0.0,R76,7.5,40.0,140.0,65.0,98.0,56.0,,,,,,,0.0,0.0,,
76,59.5,31,36.0,58.0,52.0,9.5,,,,,0.0,0.0,R77,12.0,99.0,156.0,65.0,204.0,73.0,134.0,60.0,,,,,0.0,0.0,,
77,59.5,31,36.0,58.0,52.0,29.0,,,,,0.0,0.0,R78,7.0,40.0,94.0,53.0,124.0,63.0,,,,,,,0.0,0.0,,
78,59.5,31,36.0,58.0,52.0,52.0,,,,,0.0,0.0,R79,7.0,40.0,94.0,55.0,12.0,60.0,140.0,61.0,,,,,0.0,0.0,,
79,59.5,31,36.0,58.0,52.0,7.0,,,,,0.0,0.0,R80,10.0,77.0,170.0,68.0,108.0,55.0,172.0,70.0,168.0,67.0,,,0.0,0.0,,
80,59.5,31,36.0,58.0,11.0,3.0,,,,,0.0,0.0,R81,5.5,51.5,172.0,70.0,184.0,69.5,,,,,,,0.0,0.0,,
81,59.5,31,36.0,58.0,11.0,40.5,,,,,0.0,0.0,R82,12.0,70.5,132.0,59.0,166.0,69.0,126.0,60.0,156.0,61.5,,,0.0,0.0,,
82,59.5,31,36.0,58.0,11.0,0.0,,,,,0.0,0.0,R83,8.5,78.0,134.0,63.0,148.0,63.0,,,,,,,0.0,0.0,,
83,59.5,31,36.0,58.0,11.0,,,,,,0.0,0.0,R84,,,150.0,63.0,222.0,77.0,,,,,,,0.0,0.0,,
84,59.5,31,36.0,58.0,11.0,8.0,,,,,0.0,0.0,R85,16.5,139.0,138.0,62.0,190.0,71.0,162.0,68.5,,,,,0.0,0.0,,
85,59.5,31,36.0,0.0,40.0,16.0,,,,,0.0,0.0,R86,4.5,8.0,140.0,58.0,,,,,,,,,0.0,0.0,,
86,59.5,31,36.0,0.0,40.0,43.0,,,,,0.0,0.0,R87,7.0,1.0,132.0,58.5,,,,,,,,,0.0,0.0,,
87,59.5,31,36.0,0.0,40.0,-3.5,8.0,4.0,,,0.0,0.0,R88,5.0,29.0,162.0,64.5,,,,,,,,,0.0,0.0,,
88,59.5,31,36.0,0.0,40.0,26.0,,,,,0.0,0.0,R89,10.0,8.5,,,,,,,,,,,0.0,0.0,,
89,59.5,31,36.0,0.0,40.0,26.0,10.0,8.0,,,0.0,0.0,R90,6.5,52.0,130.0,60.0,,,,,,,,,0.0,0.0,,
90,59.5,31,36.0,0.0,40.0,32.0,,,,,0.0,0.0,R91,22.0,48.0,132.0,64.0,,,,,,,,,0.0,0.0,,
91,59.5,31,36.0,0.0,40.0,32.0,22.0,16.0,,,0.0,0.0,R92,8.0,49.0,,,,,,,,,,,0.0,0.0,,
92,59.5,31,36.0,0.0,40.0,32.0,22.0,26.0,,,0.0,0.0,R93,8.0,49.0,,,,,,,,,,,0.0,0.0,,
93,59.5,31,36.0,0.0,40.0,32.0,22.0,7.0,,,0.0,0.0,R94,10.0,49.0,180.0,69.0,,,,,,,,,0.0,0.0,,
94,59.5,31,36.0,53.0,,,,,,,0.0,0.0,R95,6.0,31.0,172.0,69.5,90.0,52.5,,,,,,,0.0,0.0,,
95,59.5,31,36.0,38.0,5.0,2.0,,,,,0.0,0.0,R96,5.5,26.0,128.0,60.0,134.0,61.5,136.0,63.5,146.0,65.0,,,0.0,0.0,,
96,59.5,31,36.0,10.0,,,,,,,0.0,0.0,R97,9.0,58.0,,,,,,,,,,,0.0,0.0,,
97,59.5,31,36.0,15.5,,,,,,,0.0,0.0,R98,15.0,152.0,130.0,60.0,66.0,49.0,,,,,,,0.0,0.0,,
98,59.5,31,36.0,15.5,38.0,73.0,,,,,0.0,0.0,R99,8.0,20.0,204.0,71.0,,,,,,,,,0.0,0.0,,
99,59.5,31,36.0,15.5,38.0,20.0,9.0,3.0,,,0.0,0.0,R100,8.0,27.0,132.0,63.5,,,,,,,,,0.0,0.0,,
100,59.5,31,36.0,15.5,38.0,16.5,,,,,0.0,0.0,R101,6.0,6.0,134.0,72.0,,,,,,,,,0.0,0.0,,
101,59.5,31,36.0,15.5,38.0,3.5,,,,,0.0,0.0,R102,8.0,15.5,132.0,71.5,,,,,,,,,0.0,0.0,,
102,59.5,31,36.0,15.5,38.0,,,,,,0.0,0.0,R103,,,164.0,67.0,202.0,70.5,160.0,67.5,210.0,71.0,,,0.0,0.0,170.0,69.0
103,59.5,31,36.0,15.5,38.0,7.0,,,,,0.0,0.0,R104,9.0,70.0,150.0,65.0,136.0,64.0,134.0,60.5,,,,,0.0,0.0,,
104,59.5,31,36.0,31.0,12.0,1.0,,,,,0.0,0.0,R105,5.5,48.0,162.0,68.0,124.0,56.5,,,,,,,0.0,0.0,,
105,59.5,31,36.0,0.0,9.0,6.5,,,,,0.0,0.0,R106,6.0,48.0,132.0,61.0,128.0,59.0,,,,,,,0.0,0.0,,
106,59.5,31,36.0,22.0,,,,,,,0.0,0.0,R107,11.0,100.0,162.0,70.0,162.0,67.0,134.0,63.5,146.0,65.0,,,0.0,0.0,,
107,59.5,31,36.0,19.0,,,,,,,0.0,0.0,R108,10.0,56.0,118.0,57.0,124.0,59.0,166.0,66.5,140.0,60.5,170.0,66.0,0.0,0.0,158.0,69.0
108,59.5,31,36.0,0.0,39.0,1.5,,,,,0.0,0.0,R109,7.0,45.0,120.0,61.5,112.0,58.0,,,,,,,0.0,0.0,,
109,59.5,31,36.0,-16.0,,,,,,,0.0,0.0,R110,18.0,58.0,140.0,62.5,92.0,52.5,168.0,69.0,,,,,0.0,0.0,,
110,59.5,31,36.0,-16.0,18.0,58.0,,,,,0.0,0.0,R111,8.0,30.0,226.0,74.0,,,,,,,,,0.0,0.0,,
111,59.5,31,36.0,-16.0,18.0,-3.5,,,,,0.0,0.0,R112,11.0,54.0,196.0,70.0,196.0,72.0,202.0,74.0,176.0,70.0,,,0.0,0.0,,
112,59.5,31,36.0,-16.0,18.0,-3.5,22.0,28.0,,,0.0,0.0,R113,13.0,71.0,198.0,66.0,166.0,68.0,226.0,63.5,202.0,71.0,,,0.0,0.0,164.0,71.5
113,59.5,31,36.0,13.0,39.0,23.0,29.0,10.0,,,0.0,0.0,R114,22.0,125.0,142.0,57.5,112.0,64.0,190.0,70.0,182.0,72.0,,,0.0,0.0,242.0,75.5
114,59.5,31,36.0,,,,,,,,0.0,0.0,R115,,,148.0,62.0,,,,,,,,,0.0,0.0,,
0,69.0,34,34.0,48.0,,,,,,,,,R1,5.0,11.0,160.0,68.5,,,,,,,,,0.0,0.0,,
1,69.0,34,34.0,9.0,55.0,22.0,,,,,,,R2,8.0,91.0,150.0,64.0,104.0,56.0,,,,,,,0.0,0.0,,
2,69.0,34,34.0,9.0,55.0,25.0,,,,,,,R3,6.0,28.0,,,,,,,,,,,0.0,0.0,,
3,69.0,34,34.0,9.0,55.0,9.5,,,,,,,R4,8.0,59.5,120.0,58.0,,,,,,,,,0.0,0.0,,
4,69.0,34,34.0,9.0,55.0,6.5,,,,,,,R5,10.0,22.0,160.0,68.0,154.0,63.5,106.0,56.5,,,,,0.0,0.0,,
5,69.0,34,34.0,9.0,55.0,12.0,,,,,,,R6,7.5,63.0,124.0,60.0,166.0,66.0,,,,,,,0.0,0.0,,
6,69.0,34,34.0,9.0,55.0,8.0,,,,,,,R7,13.0,75.0,92.0,50.5,58.0,47.5,,,,,,,0.0,0.0,,
7,69.0,34,34.0,9.0,55.0,8.0,34.0,10.0,,,,,R8,13.0,105.0,,,,,,,,,,,0.0,0.0,,
8,69.0,34,34.0,,,,,,,,,,R9,,,,,,,,,,,,,0.0,0.0,,
9,69.0,34,34.0,67.0,6.5,4.5,,,,,,,R10,5.0,25.0,120.0,60.0,86.0,55.0,,,,,,,0.0,0.0,,
10,69.0,34,34.0,44.0,,,,,,,,,R11,6.0,26.0,108.0,56.5,110.0,60.0,,,,,,,0.0,0.0,,
11,69.0,34,34.0,44.0,57.0,3.0,32.0,11.0,,,,,R12,4.5,32.0,124.0,58.0,,,,,,,,,0.0,0.0,,
12,69.0,34,34.0,44.0,57.0,3.0,32.0,4.0,,,,,R13,9.0,89.5,126.0,59.0,118.0,58.0,98.0,56.0,118.0,56.5,,,0.0,0.0,,
13,69.0,34,34.0,44.0,57.0,3.0,32.0,13.0,,,,,R14,8.5,85.0,90.0,52.0,144.0,61.0,116.0,59.0,90.0,53.0,,,0.0,0.0,98.0,54.0
14,69.0,34,34.0,44.0,,,,,,,,,R15,,,,,,,,,,,,,0.0,0.0,,
15,69.0,34,34.0,44.0,57.0,72.0,30.0,39.0,,,,,R16,10.0,61.0,210.0,66.0,188.0,59.0,,,,,,,0.0,0.0,,
16,69.0,34,34.0,39.0,,,,,,,,,R17,9.0,110.0,142.0,60.0,156.0,70.5,132.0,69.0,,,,,0.0,0.0,,
17,69.0,34,34.0,11.0,,,,,,,,,R18,9.0,72.0,146.0,65.0,,,,,,,,,0.0,0.0,,
18,69.0,34,34.0,15.0,,,,,,,,,R19,9.0,61.0,156.0,66.5,174.0,66.0,,,,,,,0.0,0.0,,
19,69.0,34,34.0,16.0,55.0,37.0,,,,,,,R20,12.0,17.0,128.0,62.0,146.0,69.0,,,,,,,0.0,0.0,,
20,69.0,34,34.0,16.0,55.0,2.0,,,,,,,R21,7.0,40.0,132.0,61.0,112.0,57.0,158.0,69.0,162.0,65.5,,,0.0,0.0,,
21,69.0,34,34.0,16.0,55.0,17.0,,,,,,,R22,12.0,93.0,204.0,70.5,130.0,62.0,200.0,71.5,136.0,56.5,,,0.0,0.0,,
22,69.0,34,34.0,13.0,,,,,,,,,R23,5.5,52.0,182.0,67.0,76.0,49.0,,,,,,,0.0,0.0,,
23,69.0,34,37.0,85.0,38.0,10.0,,,,,,,R24,5.0,27.0,126.0,62.0,,,,,,,,,0.0,0.0,,
24,69.0,34,37.0,85.0,38.0,18.0,,,,,,,R25,6.0,45.5,,,,,,,,,,,0.0,0.0,,
25,69.0,34,37.0,85.0,38.0,8.0,,,,,,,R26,12.5,77.0,120.0,58.0,110.0,58.0,76.0,48.0,,,,,0.0,0.0,,
26,69.0,34,37.0,85.0,38.0,5.0,,,,,,,R27,5.0,59.0,82.0,48.0,,,,,,,,,0.0,0.0,,
27,69.0,34,37.0,85.0,38.0,31.0,,,,,,,R28,10.5,113.5,132.0,61.5,102.0,55.0,156.0,65.0,144.0,61.0,,,0.0,0.0,,
28,69.0,34,37.0,85.0,38.0,31.0,,,,,,,R29,8.0,56.0,130.0,60.5,,,,,,,,,0.0,0.0,,
29,69.0,34,37.0,85.0,38.0,21.0,18.0,4.0,,,,,R30,5.0,27.0,114.0,58.5,104.0,52.5,,,,,,,0.0,0.0,,
30,69.0,34,37.0,27.0,,,,,,,,,R31,11.5,67.0,132.0,63.5,122.0,59.5,,,,,,,0.0,0.0,,
31,69.0,34,37.0,68.0,55.0,36.5,,,,,,,R32,7.0,45.5,152.0,68.0,,,,,,,,,0.0,0.0,,
32,69.0,34,37.0,68.0,15.5,,,,,,,,R33,7.0,59.0,106.0,55.5,,,,,,,,,0.0,0.0,,
33,69.0,34,37.0,68.0,15.5,33.0,,,,,,,R34,9.0,90.0,190.0,72.0,134.0,63.5,,,,,,,0.0,0.0,,
34,69.0,34,37.0,68.0,15.5,24.0,12.0,11.5,,,,,R35,6.0,40.0,188.0,69.0,116.0,60.5,,,,,,,0.0,0.0,,
35,69.0,34,37.0,68.0,15.5,22.0,,,,,,,R36,7.0,63.0,130.0,66.0,124.0,60.0,186.0,68.0,80.0,49.0,,,0.0,0.0,,
36,69.0,34,37.0,68.0,15.5,-9.0,,,,,,,R37,8.0,1.5,86.0,48.0,,,,,,,,,0.0,0.0,,
37,69.0,34,37.0,68.0,15.5,13.0,29.0,7.0,,,,,R38,11.0,41.0,152.0,49.0,166.0,66.0,,,,,,,0.0,0.0,,
38,69.0,34,37.0,68.0,15.5,,,,,,,,R39,,,154.0,67.0,,,,,,,,,0.0,0.0,,
39,69.0,34,37.0,68.0,15.5,-13.0,,,,,,,R40,11.0,101.0,106.0,56.5,112.0,54.0,176.0,68.0,118.0,58.0,,,0.0,0.0,88.0,49.0
40,69.0,34,37.0,5.0,,,,,,,,,R41,5.0,25.0,96.0,52.0,,,,,,,,,0.0,0.0,,
41,69.0,34,37.0,36.0,40.0,19.0,,,,,,,R42,6.0,3.0,74.0,50.0,82.0,47.0,,,,,,,0.0,0.0,,
42,69.0,34,37.0,36.0,40.0,19.0,6.0,2.5,,,,,R43,6.0,31.0,104.0,46.0,76.0,61.0,,,,,,,0.0,0.0,,
43,69.0,34,37.0,36.0,40.0,48.0,38.0,9.0,,,,,R44,8.0,45.5,146.0,65.0,98.0,57.0,118.0,55.0,,,,,0.0,0.0,,
44,69.0,34,37.0,36.0,40.0,48.0,38.0,14.0,28.0,4.0,,,R45,6.5,4.0,166.0,64.0,,,,,,,,,0.0,0.0,,
45,69.0,34,37.0,36.0,40.0,48.0,38.0,14.0,28.0,6.0,14.0,4.0,R46,8.0,57.0,164.0,62.0,132.0,60.0,124.0,61.5,112.0,56.0,,,0.0,0.0,,
46,69.0,34,37.0,36.0,40.0,48.0,38.0,14.0,28.0,6.0,20.0,4.5,R47,12.0,76.0,182.0,64.0,152.0,66.0,182.0,70.0,146.0,64.0,,,0.0,0.0,200.0,76.0
47,69.0,34,37.0,40.0,,,,,,,,,R48,5.0,32.0,130.0,69.0,,,,,,,,,0.0,0.0,,
48,69.0,34,37.0,8.5,15.0,7.0,,,,,,,R49,7.0,53.0,106.0,56.0,,,,,,,,,0.0,0.0,,
49,69.0,34,37.0,61.0,,,,,,,,,R50,8.5,34.5,154.0,62.0,,,,,,,,,0.0,0.0,,
50,69.0,34,37.0,,,,,,,,,,R51,,,106.0,53.0,,,,,,,,,0.0,0.0,,
51,69.0,34,37.0,20.0,,,,,,,,,R52,7.0,68.5,104.0,64.0,106.0,58.0,,,,,,,0.0,0.0,,
52,69.0,34,37.0,20.0,53.0,12.0,,,,,,,R53,7.5,62.0,140.0,67.0,134.0,60.0,142.0,63.0,124.0,52.0,,,0.0,0.0,,
53,69.0,34,37.0,-82.0,21.5,20.0,,,,,,,R54,7.5,66.0,,,,,,,,,,,0.0,0.0,,
54,69.0,34,37.0,65.0,53.5,13.0,44.0,7.0,,,,,R55,8.0,64.0,108.0,64.0,154.0,62.0,136.0,59.0,110.0,58.0,,,0.0,0.0,,
55,69.0,34,37.0,23.0,,,,,,,,,R56,9.0,96.0,160.0,66.0,66.0,47.5,,,,,,,0.0,0.0,,
56,69.0,34,28.5,30.0,,,,,,,,,R57,10.0,89.0,194.0,70.5,106.0,56.0,136.0,61.0,,,,,0.0,0.0,,
57,69.0,34,28.5,35.0,14.5,4.5,,,,,,,R58,7.5,81.0,186.0,70.0,104.0,51.0,,,,,,,0.0,0.0,,
58,69.0,34,28.5,0.0,,,,,,,,,R59,7.0,77.0,168.0,65.0,108.0,57.0,92.0,49.0,,,,,0.0,0.0,,
59,69.0,34,28.5,28.0,48.5,66.5,,,,,,,R60,6.0,40.0,138.0,61.5,61.0,38.0,,,,,,,0.0,0.0,,
60,69.0,34,28.5,28.0,48.5,18.5,17.5,4.0,,,,,R61,5.0,62.0,160.0,55.0,108.0,44.0,100.0,56.0,,,,,0.0,0.0,,
61,69.0,34,28.5,28.0,48.5,15.0,,,,,,,R62,9.5,80.0,146.0,60.0,182.0,65.0,,,,,,,0.0,0.0,,
62,69.0,34,28.5,28.0,48.5,32.0,,,,,,,R63,15.0,74.0,188.0,57.0,196.0,69.0,,,,,,,0.0,0.0,,
63,69.0,34,28.5,28.0,48.5,14.0,,,,,,,R64,9.0,53.5,220.0,71.5,172.0,69.5,,,,,,,0.0,0.0,,
64,69.0,34,28.5,28.0,48.5,11.0,,,,,,,R65,6.5,14.5,164.0,61.5,55.0,39.0,,,,,,,0.0,0.0,,
65,69.0,34,28.5,28.0,48.5,-7.0,,,,,,,R66,9.0,91.0,154.0,62.0,140.0,63.5,194.0,68.0,,,,,0.0,0.0,,
66,69.0,34,28.5,28.0,48.5,46.0,,,,,,,R67,12.0,7.0,,,,,,,,,,,0.0,0.0,,
67,69.0,34,28.5,28.0,48.5,46.0,12.0,7.0,,,,,R68,9.0,55.0,142.0,63.0,160.0,67.0,,,,,,,0.0,0.0,,
68,69.0,34,28.5,28.0,48.5,9.0,,,,,,,R69,22.0,103.0,92.0,43.0,,,,,,,,,0.0,0.0,,
69,69.0,34,28.5,28.0,48.5,-55.0,,,,,,,R70,15.0,65.0,160.0,65.0,124.0,53.0,86.0,40.0,,,,,0.0,0.0,,
70,69.0,34,28.5,28.0,48.5,-14.0,,,,,,,R71,15.0,129.0,192.0,67.0,184.0,67.0,192.0,55.0,116.0,67.0,,,0.0,0.0,,
71,69.0,34,28.5,40.0,,,,,,,,,R72,,,158.0,63.0,176.0,66.5,,,,,,,0.0,0.0,,
72,69.0,34,28.5,40.0,,,,,,,,,R73,7.5,54.0,174.0,62.0,,,,,,,,,0.0,0.0,,
73,69.0,34,28.5,33.0,20.0,2.5,,,,,,,R74,5.5,54.0,158.0,67.0,38.0,41.5,,,,,,,0.0,0.0,,
74,69.0,34,28.5,33.0,20.0,3.0,,,,,,,R75,10.0,132.0,166.0,64.0,92.0,52.0,120.0,51.0,142.0,56.0,74.0,46.0,0.0,0.0,116.0,54.0
75,69.0,34,28.5,17.0,,,,,,,,,R76,13.5,120.0,164.0,63.0,,,,,,,,,0.0,0.0,,
76,69.0,34,28.5,17.0,,,,,,,,,R77,5.0,14.0,164.0,63.0,,,,,,,,,0.0,0.0,,
77,69.0,34,28.5,0.0,,,,,,,,,R78,8.0,70.0,142.0,69.0,180.0,69.0,152.0,55.0,,,,,0.0,0.0,,
78,69.0,34,28.5,20.0,,,,,,,,,R79,6.0,70.0,156.0,56.0,68.0,64.5,,,,,,,0.0,0.0,,
79,69.0,34,28.5,23.0,,,,,,,,,R80,4.0,6.0,116.0,59.0,,,,,,,,,0.0,0.0,,
80,69.0,34,28.5,18.0,,,,,,,,,R81,11.5,73.0,148.0,65.0,180.0,70.0,,,,,,,0.0,0.0,,
81,69.0,34,28.5,9.0,15.0,3.5,,,,,,,R82,7.0,96.0,142.0,62.0,210.0,63.0,120.0,67.0,,,,,0.0,0.0,,
82,69.0,34,28.5,9.0,15.0,17.0,,,,,,,R83,7.5,46.0,136.0,67.0,154.0,64.5,,,,,,,0.0,0.0,,
83,69.0,34,28.5,9.0,30.0,4.0,,,,,,,R84,13.5,106.0,184.0,59.0,212.0,72.5,210.0,72.5,156.0,66.0,192.0,69.0,0.0,0.0,150.0,63.5
84,69.0,34,28.5,9.0,30.0,20.0,,,,,,,R85,17.0,90.0,186.0,70.0,162.0,66.5,218.0,67.5,184.0,62.5,,,0.0,0.0,,
85,69.0,34,28.5,9.0,25.0,8.0,,,,,,,R86,15.0,128.0,232.0,69.0,202.0,70.0,,,,,,,0.0,0.0,,
86,69.0,34,32.0,85.0,,,,,,,,,R87,4.5,13.0,146.0,64.0,234.0,72.5,202.0,70.5,186.0,70.0,,,0.0,0.0,232.0,71.0
87,69.0,34,32.0,13.0,15.0,5.5,,,,,,,R88,11.0,63.0,58.0,36.0,,,,,,,,,0.0,0.0,,
88,69.0,34,32.0,17.0,,,,,,,,,R89,15.0,60.0,77.0,39.0,,,,,,,,,0.0,0.0,,
89,69.0,34,32.0,3.5,,,,,,,,,R90,5.0,4.0,160.0,64.0,,,,,,,,,0.0,0.0,,
90,69.0,34,32.0,25.0,18.0,2.5,,,,,,,R91,7.0,67.0,146.0,63.0,118.0,69.0,152.0,69.0,126.0,55.0,,,0.0,0.0,,
91,69.0,34,32.0,25.0,18.0,17.0,,,,,,,R92,7.5,40.0,110.0,58.0,120.0,54.0,,,,,,,0.0,0.0,,
92,69.0,34,32.0,25.0,18.0,41.0,,,,,,,R93,5.0,29.0,180.0,67.0,100.0,49.0,,,,,,,0.0,0.0,,
93,69.0,34,32.0,14.0,,,,,,,,,R94,5.5,43.5,160.0,67.0,,,,,,,,,0.0,0.0,,
94,69.0,34,32.0,6.0,,,,,,,,,R95,10.0,88.5,114.0,55.0,102.0,54.0,86.0,48.0,,,,,0.0,0.0,,
95,69.0,34,32.0,27.0,47.0,5.0,,,,,,,R96,9.0,96.0,226.0,69.0,136.0,72.0,,,,,,,0.0,0.0,,
96,69.0,34,32.0,23.0,,,,,,,,,R97,9.0,49.0,152.0,73.0,142.0,65.0,136.0,52.0,,,,,0.0,0.0,,
97,69.0,34,32.0,35.0,20.0,20.0,,,,,,,R98,8.0,28.0,152.0,68.0,128.0,56.0,,,,,,,0.0,0.0,,
98,69.0,34,32.0,35.0,20.0,2.5,,,,,,,R99,7.0,37.0,162.0,72.0,134.0,62.0,,,,,,,0.0,0.0,,
99,69.0,34,32.0,6.0,30.0,10.5,,,,,,,R100,10.0,93.0,172.0,62.0,162.0,66.0,140.0,70.0,218.0,70.0,134.0,60.0,0.0,0.0,136.0,60.0
100,69.0,34,32.0,6.0,30.0,0.0,,,,,,,R101,20.0,99.0,86.0,42.0,164.0,65.0,174.0,70.0,,,,,0.0,0.0,,
101,69.0,34,32.0,3.0,42.5,16.0,,,,,,,R102,6.0,54.0,72.0,49.0,,,,,,,,,0.0,0.0,,
102,69.0,34,32.0,3.0,42.5,24.0,23.0,6.0,,,,,R103,13.5,92.0,132.0,64.0,150.0,67.0,132.0,62.5,154.0,65.0,,,0.0,0.0,,
103,69.0,34,32.0,3.0,42.5,0.0,,,,,,,R104,9.0,82.5,170.0,67.0,,,,,,,,,0.0,0.0,,
104,69.0,34,32.0,3.0,42.5,0.0,30.0,9.0,16.0,9.0,,,R105,12.0,72.0,124.0,61.0,148.0,62.5,,,,,,,0.0,0.0,,
105,69.0,34,32.0,3.0,42.5,0.0,30.0,-5.0,,,,,R106,18.0,118.0,190.0,70.5,,,,,,,,,0.0,0.0,,
0,55.5,51,27.3,57.0,,,,,,,,,R1,6.75,52.0,110.0,60.0,,,,,,,,,0.0,0.0,,
1,55.5,51,27.3,57.0,,,,,,,,,R2,6.28,61.5,,,,,,,,,,,0.0,0.0,,
2,55.5,51,27.3,57.0,46.92,35.0,,,,,,,R3,7.63,44.0,174.0,68.0,84.0,51.0,,,,,,,0.0,0.0,,
3,55.5,51,27.3,57.0,46.92,22.0,18.65,1.5,,,,,R4,7.03,74.5,128.0,62.0,56.0,45.0,98.0,55.0,,,,,0.0,0.0,,
4,55.5,51,27.3,57.0,46.92,22.0,13.19,14.5,,,,,R5,6.96,31.5,118.0,60.0,86.0,54.0,,,,,,,0.0,0.0,,
5,55.5,51,27.3,57.0,46.92,22.0,,,,,,,R6,7.7,55.0,168.0,68.0,,,,,,,,,0.0,0.0,,
6,55.5,51,27.3,57.0,46.92,0.0,,,,,,,R7,10.44,87.0,112.0,63.0,118.0,56.0,,,,,,,0.0,0.0,,
7,55.5,51,27.3,57.0,46.92,14.0,,,,,,,R8,9.4,180.0,130.0,60.5,162.0,66.5,242.0,78.0,214.0,77.5,,,0.0,0.0,130.0,60.5
8,55.5,51,27.3,57.0,46.92,14.0,,,,,,,R9,,,,,,,,,,,,,0.0,0.0,,
9,55.5,51,27.3,57.0,46.92,14.0,,,,,,,R10,10.69,105.0,142.0,64.0,170.0,60.0,172.0,63.0,238.0,72.0,148.0,60.5,0.0,0.0,150.0,60.5
10,55.5,51,27.3,57.0,46.92,17.0,17.3,27.5,8.89,25.5,,,R11,6.75,61.0,260.0,79.0,128.0,62.0,156.0,65.0,130.0,59.0,,,0.0,0.0,,
11,55.5,51,27.3,57.0,46.92,17.0,17.3,-24.5,,,,,R12,7.99,60.0,128.0,61.0,134.0,62.0,,,,,,,0.0,0.0,,
12,55.5,51,27.3,71.5,,,,,,,,,R13,5.06,50.0,104.0,58.0,66.0,46.0,68.0,49.0,,,,,0.0,0.0,,
13,55.5,51,27.3,8.5,,,,,,,,,R14,6.73,39.5,80.0,60.0,136.0,45.0,,,,,,,0.0,0.0,,
14,55.5,51,27.3,26.0,,,,,,,,,R15,4.64,34.0,104.0,58.0,142.0,63.0,,,,,,,0.0,0.0,,
15,55.5,51,27.3,-3.0,,,,,,,,,R16,5.06,12.0,104.0,53.0,92.0,55.0,86.0,52.0,,,,,0.0,0.0,,
16,55.5,51,27.3,21.0,8.21,35.0,,,,,,,R17,8.32,32.5,134.0,62.0,132.0,63.0,130.0,60.5,,,,,0.0,0.0,,
17,55.5,51,27.3,21.0,8.21,0.0,,,,,,,R18,6.42,77.0,130.0,62.0,144.0,65.0,136.0,61.0,,,,,0.0,0.0,,
18,55.5,51,27.3,21.0,8.21,0.0,,,,,,,R19,10.82,137.0,166.0,69.0,222.0,75.0,170.0,68.0,188.0,72.0,,,0.0,0.0,74.0,55.0
19,55.5,51,27.3,21.0,8.21,-28.5,,,,,,,R20,5.42,48.0,114.0,58.0,,,,,,,,,0.0,0.0,,
20,55.5,51,31.5,42.0,18.5,31.5,,,,,,,R21,6.21,60.5,136.0,61.0,122.0,61.0,,,,,,,0.0,0.0,,
21,55.5,51,31.5,42.0,18.5,10.5,15.86,62.0,7.06,13.0,,,R22,7.1,43.0,146.0,65.0,14.0,62.0,,,,,,,0.0,0.0,,
22,55.5,51,31.5,42.0,18.5,10.5,15.86,-28.0,,,,,R23,6.85,69.5,168.0,67.5,82.0,47.0,88.0,55.0,,,,,0.0,0.0,,
23,55.5,51,31.5,42.0,18.5,19.0,,,,,,,R24,8.03,64.0,141.0,61.0,108.0,58.0,132.0,62.0,,,,,0.0,0.0,,
24,55.5,51,31.5,42.0,18.5,0.0,,,,,,,R25,6.87,58.0,180.0,66.0,,,,,,,,,0.0,0.0,,
25,55.5,51,31.5,42.0,18.5,68.0,,,,,,,R26,5.71,17.5,136.0,64.0,,,,,,,,,0.0,0.0,,
26,55.5,51,31.5,42.0,18.5,-5.5,19.21,20.5,,,,,R27,5.02,10.5,240.0,79.5,,,,,,,,,0.0,0.0,,
27,55.5,51,31.5,42.0,18.5,-5.5,19.21,5.0,,,,,R28,6.2,41.5,218.0,74.0,,,,,,,,,0.0,0.0,,
28,55.5,51,31.5,42.0,18.5,-5.5,25.83,15.5,,,,,R29,5.02,1.5,142.0,65.0,,,,,,,,,0.0,0.0,,
29,55.5,51,31.5,42.0,18.5,-5.5,25.83,29.0,,,,,R30,7.04,35.5,160.0,69.5,172.0,62.0,,,,,,,0.0,0.0,,
30,55.5,51,31.5,42.0,18.5,-5.5,25.83,7.5,,,,,R31,5.02,1.5,188.0,73.0,,,,,,,,,0.0,0.0,,
31,55.5,51,31.5,42.0,18.5,-5.5,25.83,3.5,,,,,R32,10.69,102.0,178.0,70.5,,,,,,,,,0.0,0.0,,
32,55.5,51,31.5,42.0,18.5,-5.5,25.83,8.0,,,,,R33,9.37,72.5,162.0,69.0,,,,,,,,,0.0,0.0,,
33,55.5,51,31.5,42.0,18.5,-5.5,25.83,3.0,,,,,R34,6.82,53.0,136.0,64.0,160.0,62.0,132.0,62.5,,,,,0.0,0.0,,
34,55.5,51,31.5,42.0,18.5,-5.5,25.83,9.0,,,,,R35,13.43,94.5,126.0,66.0,120.0,58.0,230.0,76.5,,,,,0.0,0.0,,
35,55.5,51,31.5,29.0,12.28,13.5,,,,,,,R36,5.84,46.5,126.0,59.0,112.0,57.0,134.0,55.0,116.0,61.0,,,0.0,0.0,,
36,55.5,51,31.5,8.5,,,,,,,,,R37,7.32,76.0,,,,,,,,,,,0.0,0.0,,
37,55.5,51,31.5,27.0,10.75,7.0,,,,,,,R38,6.28,2.5,132.0,62.0,94.0,52.0,126.0,58.0,,,,,0.0,0.0,,
38,55.5,51,31.5,27.0,10.75,23.0,,,,,,,R39,4.93,24.0,,,,,,,,,,,0.0,0.0,,
39,55.5,51,31.5,19.0,44.53,4.0,8.77,6.5,,,,,R40,7.72,52.5,154.0,57.0,122.0,62.0,,,,,,,0.0,0.0,,
40,55.5,51,31.5,4.5,,,,,,,,,R41,8.55,64.0,146.0,54.0,98.0,55.5,,,,,,,0.0,0.0,,
41,55.5,51,31.5,0.0,,,,,,,,,R42,6.51,30.0,92.0,56.0,56.0,48.0,,,,,,,0.0,0.0,,
42,55.5,51,31.5,0.0,,,,,,,,,R43,4.64,37.0,48.0,57.0,,,,,,,,,0.0,0.0,,
43,55.5,51,31.5,15.5,21.19,43.0,,,,,,,R44,6.31,70.0,204.0,73.0,,,,,,,,,0.0,0.0,,
44,55.5,51,31.5,15.5,21.19,12.5,,,,,,,R45,6.96,62.0,134.0,60.5,148.0,64.0,,,,,,,0.0,0.0,,
45,55.5,51,31.5,15.5,21.19,23.0,29.12,4.0,,,,,R46,7.4,68.5,110.0,64.0,84.0,49.0,,,,,,,0.0,0.0,,
46,55.5,51,31.5,22.5,,,,,,,,,R47,8.37,75.0,132.0,58.0,132.0,61.0,122.0,56.0,120.0,52.0,,,0.0,0.0,,
47,55.5,51,31.5,7.0,,,,,,,,,R48,7.8,84.0,136.0,62.0,96.0,55.0,98.0,54.0,,,,,0.0,0.0,,
48,55.5,51,31.5,7.0,28.56,51.0,,,,,,,R49,10.64,68.0,164.0,65.5,,,,,,,,,0.0,0.0,,
49,55.5,51,31.5,7.0,28.56,5.5,,,,,,,R50,13.27,28.5,142.0,62.0,148.0,64.0,,,,,,,0.0,0.0,,
50,55.5,51,27.5,71.5,,,,,,,,,R51,5.11,35.0,122.0,60.0,114.0,58.0,,,,,,,0.0,0.0,,
51,55.5,51,27.5,28.0,,,,,,,,,R52,18.52,172.0,118.0,59.0,170.0,68.0,166.0,66.0,172.0,65.5,208.0,71.0,0.0,0.0,204.0,71.0
52,55.5,51,27.5,32.0,,,,,,,,,R53,8.74,99.0,126.0,60.0,142.0,64.0,128.0,61.0,104.0,58.0,,,0.0,0.0,,
53,55.5,51,27.5,0.0,14.75,9.0,,,,,,,R54,5.92,60.5,,,,,,,,,,,0.0,0.0,,
54,55.5,51,27.5,61.0,17.53,22.0,,,,,,,R55,9.64,72.0,242.0,79.0,184.0,69.0,,,,,,,0.0,0.0,,
55,55.5,51,27.5,7.0,,,,,,,,,R56,10.02,55.5,174.0,69.0,160.0,66.0,,,,,,,0.0,0.0,,
56,55.5,51,27.5,25.0,16.85,6.0,11.48,3.0,,,,,R57,9.48,83.5,208.0,72.0,152.0,66.5,,,,,,,0.0,0.0,,
57,55.5,51,27.5,37.0,,,,,,,,,R58,8.58,79.5,118.0,58.0,152.0,65.0,188.0,68.0,156.0,65.0,,,0.0,0.0,,
58,55.5,51,27.5,0.0,,,,,,,,,R59,6.82,72.0,136.0,62.0,162.0,66.5,110.0,52.0,,,,,0.0,0.0,,
59,55.5,51,27.5,0.0,,,,,,,,,R60,8.34,81.0,240.0,76.0,196.0,69.0,,,,,,,0.0,0.0,,
60,55.5,51,29.3,28.0,46.46,70.0,16.42,3.0,,,,,R61,5.33,4.5,128.0,63.5,,,,,,,,,0.0,0.0,,
61,55.5,51,29.3,28.0,46.46,70.0,16.42,40.0,11.43,32.0,,,R62,6.1,4.0,122.0,61.0,,,,,,,,,0.0,0.0,,
62,55.5,51,29.3,28.0,46.46,70.0,16.42,0.0,,,,,R63,5.84,43.0,160.0,66.0,,,,,,,,,0.0,0.0,,
63,55.5,51,29.3,28.0,46.46,70.0,16.42,13.0,,,,,R64,9.5,83.0,,,,,,,,,,,0.0,0.0,,
64,55.5,51,29.3,28.0,46.46,70.0,16.42,0.0,12.0,18.0,,,R65,10.0,65.5,156.0,66.0,144.0,61.0,,,,,,,0.0,0.0,,
65,55.5,51,29.3,28.0,46.46,70.0,16.42,22.5,40.0,3.0,,,R66,5.0,43.0,106.0,60.0,,,,,,,,,0.0,0.0,,
66,55.5,51,29.3,28.0,46.46,70.0,16.42,22.5,40.0,10.0,,,R67,5.0,38.0,132.0,55.0,,,,,,,,,0.0,0.0,,
67,55.5,51,29.3,28.0,46.46,70.0,16.42,22.5,40.0,13.0,,,R68,12.0,92.0,190.0,71.5,142.0,64.5,138.0,64.0,156.0,64.0,66.0,58.0,0.0,0.0,88.0,172.0
68,55.5,51,29.3,28.0,46.46,70.0,16.42,22.5,40.0,13.0,14.5,39.0,R69,6.0,25.5,124.0,60.5,78.0,60.0,116.0,62.0,,,,,0.0,0.0,,
69,55.5,51,29.3,28.0,46.46,70.0,16.42,22.5,40.0,13.5,,,R70,7.0,50.5,140.0,64.0,,,,,,,,,0.0,0.0,,
70,55.5,51,29.3,28.0,46.46,70.0,16.42,22.5,40.0,12.0,,,R71,7.0,29.0,140.0,62.0,,,,,,,,,0.0,0.0,,
71,55.5,51,29.3,28.0,46.46,70.0,16.42,22.5,40.0,6.0,,,R72,9.0,33.0,122.0,61.0,136.0,63.0,,,,,,,0.0,0.0,,
72,55.5,51,29.3,28.0,46.46,70.0,16.42,22.5,40.0,11.0,,,R73,7.0,40.0,124.0,64.0,142.0,62.0,136.0,63.0,,,,,0.0,0.0,,
73,55.5,51,29.3,28.0,46.46,70.0,16.42,22.5,40.0,5.0,,,R74,7.0,28.0,186.0,68.5,212.0,73.5,,,,,,,0.0,0.0,,
74,55.5,51,29.3,28.0,46.46,70.0,16.42,22.5,40.0,3.5,,,R75,15.0,80.0,206.0,75.0,174.0,71.0,148.0,66.0,,,,,0.0,0.0,,
75,55.5,51,29.3,28.0,46.46,68.0,14.0,1.5,,,,,R76,6.0,48.0,150.0,58.0,,,,,,,,,0.0,0.0,,
76,55.5,51,29.3,28.0,46.46,10.0,9.0,4.5,,,,,R77,7.0,38.0,146.0,62.0,122.0,60.0,,,,,,,0.0,0.0,,
77,55.5,51,29.3,28.0,46.46,10.0,,,,,,,R78,5.0,40.0,190.0,70.0,,,,,,,,,0.0,0.0,,
78,55.5,51,29.3,28.0,46.46,14.5,,,,,,,R79,10.0,31.0,166.0,67.5,,,,,,,,,0.0,0.0,,
79,55.5,51,29.3,28.0,46.46,42.0,,,,,,,R80,5.0,44.0,158.0,53.0,,,,,,,,,0.0,0.0,,
80,55.5,51,29.3,28.0,46.46,30.0,,,,,,,R81,8.5,62.5,210.0,76.0,200.0,75.0,130.0,60.0,,,,,0.0,0.0,,
81,55.5,51,29.3,28.0,46.46,0.0,,,,,,,R82,6.0,35.0,216.0,81.0,,,,,,,,,0.0,0.0,,
82,55.5,51,29.3,28.0,46.46,12.0,55.0,32.0,,,,,R83,10.0,104.0,148.0,65.0,142.0,63.0,140.0,61.0,102.0,68.0,,,0.0,0.0,,
83,55.5,51,29.3,28.0,46.46,12.0,55.0,0.0,,,,,R84,9.0,41.0,124.0,60.05,118.0,60.05,166.0,66.5,,,,,0.0,0.0,,
84,55.5,51,29.3,28.0,46.46,12.0,55.0,5.5,,,,,R85,26.0,68.0,196.0,73.0,,,,,,,,,0.0,0.0,,
85,55.5,51,29.3,28.0,46.46,12.0,55.0,5.5,26.0,38.0,,,R86,10.0,21.0,178.0,71.5,244.0,76.5,,,,,,,0.0,0.0,,
86,55.5,51,29.3,28.0,46.46,12.0,55.0,5.5,26.0,67.0,,,R87,10.0,24.5,182.0,68.5,,,,,,,,,0.0,0.0,,
87,55.5,51,29.3,28.0,46.46,12.0,55.0,5.5,26.0,20.0,,,R88,5.0,1.0,156.0,65.5,206.0,73.5,190.0,72.0,,,,,0.0,0.0,,
88,55.5,51,29.3,28.0,46.46,12.0,55.0,5.5,26.0,11.0,,,R89,14.0,67.0,192.0,72.0,188.0,70.0,166.0,60.0,,,,,0.0,0.0,,
89,55.5,51,29.3,28.0,46.46,44.0,,,,,,,R90,12.0,107.0,154.0,65.5,208.0,73.0,168.0,70.0,188.0,71.0,,,0.0,0.0,,
90,55.5,51,29.3,28.0,46.46,0.0,,,,,,,R91,8.5,38.0,136.0,60.0,122.0,60.0,,,,,,,0.0,0.0,,
91,55.5,51,29.3,28.0,46.46,21.0,34.0,20.0,,,,,R92,12.0,61.5,202.0,71.0,182.0,72.0,168.0,69.0,,,,,0.0,0.0,,
92,55.5,51,29.3,28.0,46.46,21.0,34.0,9.0,,,,,R93,10.0,84.0,122.0,58.0,156.0,61.0,162.0,65.5,206.0,74.0,,,0.0,0.0,,
93,55.5,51,29.3,28.0,46.46,21.0,34.0,14.0,,,,,R94,10.5,57.0,182.0,70.0,132.0,60.0,124.0,59.5,140.0,63.0,,,0.0,0.0,108.0,54.0
94,55.5,51,29.3,28.0,46.46,21.0,34.0,4.5,,,,,R95,14.0,70.0,195.0,60.0,136.0,74.0,174.0,69.0,,,,,0.0,0.0,,
95,55.5,51,29.3,28.0,46.46,21.0,34.0,0.0,,,,,R96,13.0,40.0,154.0,49.0,,,,,,,,,0.0,0.0,,
96,55.5,51,29.3,28.0,46.46,21.0,13.0,30.0,,,,,R97,7.0,40.0,144.0,63.0,226.0,75.0,122.0,,,,,,0.0,0.0,,
97,55.5,51,29.3,28.0,46.46,21.0,13.0,7.0,,,,,R98,6.0,43.0,130.0,62.0,,,,,,,,,0.0,0.0,,
98,55.5,51,29.3,28.0,46.46,3.5,,,,,,,R99,8.0,67.0,160.0,67.5,102.0,55.0,98.0,57.5,,,,,0.0,0.0,,
99,55.5,51,29.3,28.0,46.46,0.0,,,,,,,R100,8.0,57.0,,,,,,,,,,,0.0,0.0,,
