,DTronc,LTronc,DChar,LChar,DChar1,LChar1,DChar2,LChar2,DChar3,LChar3,DChar4,LChar4,DChar5,LChar5,NumRam,DRam,LRam,PFr1,DFr1,PFr2,DFr2,PFr3,DFr3,PFr4,DFr4,PFr5,DFr5,PFr6,DFr6
0,65.5,43.0,37.5,54.0,62.5,39.0,48.0,4.0,13.5,12.0,,,,,R1,6.0,48.5,119.0,63.5,151.0,62.5,136.0,64.5,,,,,,
1,65.5,43.0,37.5,54.0,62.5,39.0,,,,,15.0,2.5,,,R2,9.0,68.0,129.0,64.0,136.0,67.0,140.0,67.5,147.0,65.0,,,,
2,65.5,43.0,37.5,54.0,62.5,39.0,,48.0,19.0,23.0,7.0,3.5,,,R3,5.0,19.0,135.0,60.0,112.0,63.5,,,,,,,,
3,65.5,43.0,37.5,54.0,62.5,39.0,,,,5.5,8.5,4.0,,,R4,6.0,49.0,192.0,70.0,116.0,66.5,119.0,64.0,,,,,,
4,65.5,43.0,37.5,54.0,62.5,39.0,,,,28.0,14.5,4.5,,,R5,10.0,44.5,119.0,67.5,127.0,65.0,139.0,67.0,,,,,,
5,65.5,43.0,37.5,54.0,62.5,39.0,,,,,,4.0,,,R6,9.0,73.0,163.0,65.0,161.0,67.0,162.0,65.0,160.0,69.0,,,,
6,65.5,43.0,37.5,54.0,62.5,58.5,,,,,,,,,R7,9.0,72.5,123.0,60.0,131.0,63.5,144.0,67.5,,,,,,
7,65.5,43.0,37.5,54.0,62.5,13.0,,,,,,,,,R8,11.0,71.0,153.0,62.0,123.0,64.0,162.0,69.0,171.0,67.0,,,,
8,65.5,43.0,37.5,54.0,62.5,39.0,,,,,,,,,R9,5.5,25.5,133.0,67.0,113.0,64.0,,,,,,,,
9,65.5,43.0,37.5,54.0,62.5,11.0,17.0,10.0,,,,,,,R10,9.5,75.0,140.0,65.0,137.0,67.0,145.0,63.5,138.0,62.0,,,,
10,65.5,43.0,37.5,54.0,62.5,11.0,,8.0,,,,,,,R11,12.0,86.0,121.0,63.5,131.0,64.5,118.0,66.5,143.0,67.0,,,,
11,65.5,43.0,37.5,54.0,62.5,11.0,,7.0,,,,,,,R12,7.5,56.0,131.0,62.0,184.0,67.0,132.0,65.5,,,,,,
12,65.5,43.0,37.5,54.0,62.5,4.0,12.0,8.4,,,,,,,R13,9.0,30.0,103.0,68.5,122.0,69.0,,,,,,,,
13,65.5,43.0,37.5,54.0,62.5,4.0,,3.5,,,,,,,R14,7.0,41.5,123.0,68.5,143.0,68.0,,,,,,,,
14,65.5,43.0,37.5,54.0,62.5,34.0,47.0,64.0,17.0,3.0,11.0,7.0,10.0,7.0,R15,7.5,69.0,141.0,67.5,122.0,64.5,,,,,,,,
15,65.5,43.0,37.5,47.0,61.0,32.0,20.0,10.0,,,,,,,R16,12.5,90.0,131.0,62.0,153.0,65.0,143.0,68.0,201.0,68.5,136.0,65.5,,
16,65.5,43.0,37.5,47.0,61.0,11.0,19.0,9.5,12.5,8.0,11.0,6.5,,,R17,6.0,44.0,141.0,65.0,133.0,64.0,163.0,69.0,,,,,,
17,65.5,43.0,37.5,47.0,61.0,11.0,,,,,,10.0,,,R18,5.0,47.5,123.0,65.5,160.0,68.0,139.0,63.0,,,,,,
18,65.5,43.0,37.5,47.0,61.0,11.0,,0.0,,,,,,,R19,6.0,47.0,120.0,63.5,151.0,65.0,131.0,64.0,,,,,,
19,65.5,43.0,37.5,47.0,61.0,65.0,35.0,7.0,28.0,9.5,,,,,R20,10.0,48.0,152.0,77.5,140.0,67.5,161.0,72.0,,,,,,
20,65.5,43.0,37.5,47.0,61.0,65.0,,,,25.0,,,,,R21,10.0,52.5,119.0,65.5,121.0,69.0,118.0,67.5,,,,,,
21,65.5,43.0,37.5,47.0,61.0,65.0,,,,6.0,,,,,R22,12.5,40.0,143.0,68.5,127.0,64.5,150.0,63.5,,,,,,
22,65.5,43.0,37.5,47.0,61.0,65.0,,,,6.0,16.0,3.5,,,R23,11.0,48.0,163.0,68.0,117.0,67.0,122.0,62.0,,,,,,
23,65.5,43.0,37.5,47.0,61.0,65.0,,,,-14.5,,,,,R24,6.0,29.0,127.0,63.0,130.0,65.5,,,,,,,,
24,65.5,43.0,37.5,47.0,61.0,40.0,15.5,4.0,,,,,,,R25,9.0,47.0,130.0,63.0,139.0,63.5,143.0,67.5,,,,,,
25,65.5,43.0,37.5,47.0,61.0,40.0,,5.0,,,,,,,R26,7.0,46.0,163.0,65.5,126.0,65.0,,,,,,,,
26,65.5,43.0,37.5,47.0,61.0,26.0,33.0,6.5,,,,,,,R27,10.5,65.5,165.0,67.5,143.0,66.0,130.0,65.5,,,,,,
27,65.5,43.0,37.5,47.0,61.0,26.0,,10.0,,,,,,,R28,7.5,35.0,120.0,69.0,116.0,67.5,,,,,,,,
28,65.5,43.0,37.5,47.0,61.0,26.0,,19.5,,,,,,,R29,12.0,54.0,201.0,68.5,213.0,67.0,,,,,,,,
29,65.5,43.0,37.5,47.0,61.0,26.0,,3.5,,,,,,,R30,11.0,41.5,117.0,66.5,158.0,65.5,114.0,64.5,,,,,,
30,65.5,43.0,37.5,47.0,61.0,26.0,,7.5,19.0,2.0,,,,,R31,6.5,33.5,152.0,65.5,119.0,67.0,,,,,,,,
31,65.5,43.0,37.5,47.0,61.0,26.0,,-10.0,,,,,,,R32,12.0,52.0,184.0,65.5,162.0,63.0,163.0,65.5,,,,,,
32,65.5,43.0,37.5,90.0,67.0,10.5,48.0,12.5,27.0,18.0,,,,,R33,7.5,32.0,130.0,62.0,161.0,68.0,,,,,,,,
33,65.5,43.0,37.5,90.0,67.0,10.5,,,,6.0,,,,,R34,8.0,59.0,132.0,69.5,171.0,68.0,160.0,67.0,,,,,,
34,65.5,43.0,37.5,90.0,67.0,10.5,,,,3.5,,,,,R35,7.5,35.0,175.0,69.0,120.0,65.0,,,,,,,,
35,65.5,43.0,37.5,90.0,67.0,10.5,,,,14.5,,,,,R36,6.5,31.0,200.0,65.5,187.0,64.0,,,,,,,,
36,65.5,43.0,37.5,90.0,67.0,10.5,,,,7.0,,,,,R37,7.5,44.0,153.0,66.0,130.0,65.0,113.0,64.0,,,,,,
37,65.5,43.0,37.5,90.0,67.0,10.5,,,,3.5,,,,,R38,9.0,42.0,181.0,69.5,170.0,64.5,180.0,68.0,,,,,,
38,65.5,43.0,37.5,90.0,67.0,10.5,,,,11.0,,,,,R39,8.0,37.0,120.0,68.0,130.0,65.0,,,,,,,,
39,65.5,43.0,37.5,90.0,67.0,10.5,,,,4.0,,,,,R40,11.0,37.5,183.0,69.0,119.0,67.0,,,,,,,,
40,65.5,43.0,37.5,90.0,67.0,10.5,,,,4.0,,,,,R41,11.5,37.0,177.0,75.0,161.0,72.0,,,,,,,,
41,65.5,43.0,37.5,90.0,67.0,10.5,,10.0,25.0,8.0,19.0,4.0,,,R42,8.5,52.0,143.0,68.0,153.0,69.0,160.0,71.0,,,,,,
42,65.5,43.0,37.5,90.0,67.0,10.5,,,,,,5.5,,,R43,11.0,81.0,180.0,65.0,128.0,58.0,153.0,63.5,163.0,67.0,,,,
43,65.5,43.0,37.5,90.0,67.0,10.5,,,,,,12.5,,,R44,7.0,45.5,168.0,65.5,139.0,65.0,122.0,67.5,,,,,,
44,65.5,43.0,37.5,90.0,67.0,10.5,,,,,,8.0,,,R45,8.0,81.0,121.0,68.0,123.0,65.0,111.0,64.0,132.0,65.0,,,,
45,65.5,43.0,37.5,90.0,67.0,10.5,,5.0,17.5,3.0,9.5,8.5,,,R46,5.0,36.0,156.0,66.0,172.0,67.0,,,,,,,,
46,65.5,43.0,37.5,90.0,67.0,10.5,,,,7.0,11.0,4.0,,,R47,5.5,39.0,176.0,62.5,171.0,63.0,,,,,,,,
47,65.5,43.0,37.5,90.0,67.0,10.5,,,,,,3.5,,,R48,6.0,40.0,188.0,62.0,143.0,65.0,173.0,68.0,,,,,,
48,65.5,43.0,37.5,90.0,67.0,10.5,,28.0,,,,,,,R49,17.5,134.0,120.0,68.0,131.0,67.0,140.0,69.0,146.0,71.0,180.0,73.0,201.0,75.5
49,65.5,43.0,37.5,90.0,67.0,10.5,,2.0,,,,,,,R50,7.5,64.0,201.0,69.0,170.0,62.0,120.0,64.0,123.0,65.0,,,,
50,65.5,43.0,37.5,90.0,67.0,10.5,,1.5,,,,,,,R51,6.5,39.0,207.0,72.0,223.0,78.0,,,,,,,,
51,65.5,43.0,37.5,90.0,67.0,10.5,,,32.0,20.0,,,,,R52,11.0,49.0,207.0,69.5,175.0,62.5,171.0,67.0,,,,,,
52,65.5,43.0,37.5,90.0,67.0,10.5,,,,11.0,,,,,R53,15.0,52.0,180.0,67.0,156.0,66.0,120.0,65.0,,,,,,
53,65.5,43.0,37.5,90.0,67.0,10.5,,,,2.5,,,,,R54,7.5,45.0,163.0,72.0,139.0,66.0,120.0,67.0,,,,,,
54,65.5,43.0,37.5,90.0,67.0,10.5,,,,9.5,12.5,6.0,,,R55,5.0,21.0,183.0,67.0,,,,,,,,,,
55,65.5,43.0,37.5,124.0,52.0,6.0,,,,,,,,,R56,7.5,49.0,175.0,62.5,131.0,65.0,,,,,,,,
56,65.5,43.0,37.5,124.0,52.0,6.0,12.0,9.0,,,,,,,R57,7.0,30.0,170.0,65.5,174.0,65.0,,,,,,,,
57,65.5,43.0,37.5,124.0,52.0,48.0,10.0,22.0,,,,,,,R58,6.5,28.0,201.0,68.0,,,,,,,,,,
58,65.5,43.0,37.5,124.0,52.0,48.0,,7.0,,,,,,,R59,6.0,20.0,167.0,66.0,,,,,,,,,,
59,65.5,43.0,37.5,124.0,52.0,43.0,13.0,4.5,,,,,,,R60,7.0,22.0,160.0,66.5,,,,,,,,,,
60,65.5,43.0,37.5,124.0,52.0,43.0,,9.0,,,,,,,R61,7.0,34.0,160.0,65.0,124.0,65.0,,,,,,,,
61,65.5,43.0,37.5,124.0,52.0,43.0,20.0,8.0,,,,,,,R62,13.0,38.0,195.0,65.0,201.0,67.0,,,,,,,,
62,65.5,43.0,37.5,124.0,52.0,3.0,18.0,3.5,,,,,,,R63,12.0,58.0,215.0,68.5,213.0,67.5,122.0,64.0,,,,,,
63,65.5,43.0,37.5,124.0,52.0,3.0,,3.0,,,,,,,R64,12.0,47.0,181.0,62.0,182.0,65.0,172.0,63.0,,,,,,
64,65.5,43.0,37.5,57.0,20.0,18.0,,,,,,,,,R65,5.0,26.0,185.0,66.0,,,,,,,,,,
65,65.5,43.0,37.5,57.0,20.0,9.0,12.0,16.0,,,,,,,R66,8.0,50.0,164.0,65.0,171.0,65.5,174.0,67.0,,,,,,
66,65.5,43.0,37.5,57.0,20.0,9.0,,5.0,,,,,,,R67,4.5,20.0,168.0,66.0,,,,,,,,,,
67,65.5,43.0,37.5,57.0,20.0,9.0,,23.0,,,,,,,R68,6.0,40.0,170.0,68.0,161.0,67.0,130.0,63.0,,,,,,
68,65.5,43.0,37.5,57.0,43.5,43.0,13.0,7.0,,,,,,,R69,8.0,61.0,160.0,65.5,163.0,66.0,172.0,65.0,181.0,68.0,,,,
69,65.5,43.0,37.5,57.0,43.5,43.0,33.5,30.0,32.5,6.0,,,,,R70,9.0,22.0,150.0,63.0,,,,,,,,,,
70,65.5,43.0,37.5,57.0,43.5,43.0,,,,3.0,,,,,R71,15.0,72.0,163.0,65.5,152.0,63.5,192.0,68.0,201.0,67.5,,,,
71,65.5,43.0,37.5,42.0,90.0,14.0,35.0,3.5,,,,,,,R72,14.0,77.0,160.0,66.0,199.0,68.0,171.0,67.0,190.0,68.5,,,,
72,65.5,43.0,37.5,42.0,90.0,14.0,,13.0,,,,,,,R73,13.0,82.5,277.0,70.0,161.0,66.0,201.0,73.0,199.0,72.0,187.0,71.0,,
73,65.5,43.0,37.5,42.0,90.0,14.0,,13.0,23.0,20.0,,,,,R74,8.0,36.5,183.0,64.0,161.0,66.0,,,,,,,,
74,65.5,43.0,37.5,42.0,90.0,14.0,,,,9.0,,,,,R75,10.0,37.0,192.0,68.5,229.0,67.0,,,,,,,,
75,65.5,43.0,37.5,42.0,90.0,14.0,,,,4.0,,,,,R76,11.0,45.0,231.0,73.5,250.0,72.5,209.0,67.5,,,,,,
76,65.5,43.0,37.5,42.0,90.0,14.0,,,,5.0,,,,,R77,12.0,34.0,143.0,63.5,135.0,65.0,,,,,,,,
77,65.5,43.0,37.5,42.0,90.0,14.0,,,31.0,7.0,,,,,R78,6.0,45.0,131.0,65.0,180.0,68.0,137.0,65.5,,,,,,
78,65.5,43.0,37.5,42.0,90.0,14.0,,,,9.0,,,,,R79,5.0,24.0,171.0,66.0,,,,,,,,,,
79,65.5,43.0,37.5,42.0,90.0,14.0,,,,12.0,,,,,R80,9.0,54.0,228.0,72.5,206.0,71.0,219.0,64.5,,,,,,
80,65.5,43.0,37.5,42.0,90.0,14.0,,,,10.0,,,,,R81,15.0,53.0,197.0,63.0,150.0,58.5,165.0,65.0,141.0,59.0,,,,
81,65.5,43.0,37.5,42.0,90.0,14.0,,,,5.0,,,,,R82,13.0,76.0,276.0,71.5,221.0,64.5,169.0,57.0,,,,,,
82,65.5,43.0,37.5,167.0,49.0,21.0,10.0,10.5,,,,,,,R83,6.0,35.0,190.0,68.0,230.0,67.0,,,,,,,,
83,65.5,43.0,37.5,167.0,49.0,7.5,,,,,,,,,R84,8.0,61.0,191.0,67.0,198.0,68.0,209.0,73.0,,,,,,
84,65.5,43.0,37.5,167.0,49.0,7.5,,,,,,,,,R85,8.0,64.5,180.0,64.0,190.0,68.0,170.0,67.0,,,,,,
85,65.5,43.0,37.5,167.0,49.0,13.0,,,,,,,,,R86,6.5,42.0,207.0,72.0,253.0,71.0,209.0,70.0,,,,,,
86,65.5,43.0,37.5,167.0,49.0,33.0,9.0,7.5,,,,,,,R87,7.0,30.0,180.0,70.0,150.0,71.0,,,,,,,,
87,65.5,43.0,37.5,167.0,49.0,19.0,13.0,13.0,,,,,,,R88,7.0,29.0,154.0,63.0,186.0,70.0,,,,,,,,
88,65.5,43.0,37.5,167.0,49.0,19.0,,13.0,,,,,,,R89,7.0,32.0,169.0,66.5,181.0,68.0,,,,,,,,
89,65.5,43.0,37.5,167.0,56.0,59.0,49.0,5.5,25.0,18.0,15.0,10.5,,,R90,11.0,88.0,203.0,67.0,196.0,75.0,202.0,74.0,173.0,73.0,,,,
90,65.5,43.0,37.5,167.0,56.0,59.0,,,,,,1.5,,,R91,7.0,32.0,134.0,65.0,198.0,68.0,,,,,,,,
91,65.5,43.0,37.5,167.0,56.0,59.0,,,,30.0,15.0,10.0,,,R92,8.5,56.0,192.0,64.0,161.0,66.0,202.0,73.0,,,,,,
92,65.5,43.0,37.5,167.0,56.0,59.0,,,,,,3.5,,,R93,5.0,2.0,206.0,65.0,,,,,,,,,,
93,65.5,43.0,37.5,167.0,56.0,59.0,,,,,,4.0,,,R94,8.0,37.0,254.0,72.0,174.0,68.0,,,,,,,,
94,65.5,43.0,37.5,167.0,56.0,59.0,,0.0,39.0,9.0,,,,,R95,11.0,63.0,138.0,61.0,202.0,71.0,171.0,67.0,,,,,,
95,65.5,43.0,37.5,167.0,56.0,59.0,,,,9.5,,,,,R96,9.0,58.0,163.0,68.0,197.0,69.0,137.0,67.5,,,,,,
96,65.5,43.0,37.5,167.0,56.0,59.0,,,,11.0,,,,,R97,13.5,72.0,185.0,69.0,181.0,68.0,209.0,73.0,190.0,71.0,,,,
97,65.5,43.0,37.5,167.0,56.0,59.0,,,,5.0,,,,,R98,13.0,68.0,142.0,61.0,170.0,68.0,208.0,65.0,181.0,66.0,,,,
98,65.5,43.0,37.5,167.0,56.0,32.0,48.5,7.0,24.0,12.0,,,,,R99,5.5,22.0,136.0,63.5,,,,,,,,,,
99,65.5,43.0,37.5,167.0,56.0,32.0,,,,21.0,,,,,R100,11.0,53.0,198.0,65.5,179.0,70.5,160.0,65.0,,,,,,
100,65.5,43.0,37.5,167.0,56.0,32.0,,,,10.5,,,,,R101,6.0,1.5,184.0,69.0,,,,,,,,,,
101,65.5,43.0,37.5,167.0,56.0,32.0,,,,6.0,,,,,R102,15.0,38.0,134.0,67.0,132.0,71.5,153.0,61.0,180.0,66.0,,,,
102,65.5,43.0,37.5,167.0,56.0,32.0,,34.0,25.0,29.0,,,,,R103,7.0,17.0,182.0,68.0,,,,,,,,,,
103,65.5,43.0,37.5,167.0,56.0,32.0,,,,17.0,,,,,R104,6.5,34.0,133.0,70.0,171.0,64.0,,,,,,,,
104,65.5,43.0,37.5,167.0,56.0,32.0,,,,9.5,,,,,R105,15.0,70.0,224.0,65.0,220.0,63.0,121.0,63.0,116.0,61.0,,,,
105,65.5,43.0,37.5,104.0,29.0,4.0,9.0,7.0,,,,,,,R106,7.0,60.5,214.0,69.0,191.0,67.0,230.0,66.5,150.0,62.0,,,,
106,65.5,43.0,37.5,104.0,29.0,36.0,,,,,,,,,R107,5.0,33.0,200.0,65.0,140.0,68.0,,,,,,,,
107,65.5,43.0,37.5,104.0,29.0,5.0,10.0,13.0,,,,,,,R108,7.0,35.0,200.0,71.5,204.0,65.0,123.0,63.5,,,,,,
108,65.5,43.0,37.5,104.0,29.0,5.0,,33.0,9.0,12.0,,,,,R109,6.0,39.0,170.0,67.0,162.0,60.0,120.0,61.0,,,,,,
109,65.5,43.0,37.5,53.0,40.0,5.0,32.0,12.0,38.0,2.5,,,,,R110,7.0,48.0,214.0,65.0,144.0,68.0,221.0,63.0,,,,,,
110,65.5,43.0,37.5,53.0,40.0,5.0,,,,44.0,18.0,22.0,,,R111,9.0,20.0,190.0,68.0,,,,,,,,,,
111,65.5,43.0,37.5,53.0,40.0,5.0,,,,,,18.0,,,R112,9.0,42.0,186.0,67.0,130.0,65.0,,,,,,,,
112,65.5,43.0,37.5,53.0,40.0,5.0,,,,,,9.5,,,R113,9.0,35.0,210.0,66.5,128.0,65.5,,,,,,,,
113,65.5,43.0,37.5,53.0,71.0,7.5,39.0,22.0,,,,,,,R114,11.0,71.0,201.0,65.0,204.0,64.5,157.0,62.5,230.0,63.0,,,,
114,65.5,43.0,37.5,53.0,71.0,7.5,,9.0,11.0,10.0,,,,,R115,7.0,24.0,203.0,67.5,,,,,,,,,,
115,65.5,43.0,37.5,53.0,71.0,7.5,,50.0,17.0,15.0,,,,,R116,6.5,8.0,199.0,67.0,,,,,,,,,,
116,65.5,43.0,37.5,53.0,71.0,7.5,,,,5.0,,,,,R117,6.0,20.0,194.0,68.5,,,,,,,,,,
117,65.5,43.0,37.5,53.0,71.0,7.5,,,,8.0,,,,,R118,6.0,3.0,242.0,71.0,,,,,,,,,,
118,65.5,43.0,37.5,53.0,71.0,7.5,,,,7.0,,,,,R119,11.0,74.5,192.0,67.5,234.0,66.5,156.0,62.5,237.0,66.5,,,,
119,65.5,43.0,37.5,48.0,71.0,26.0,66.0,34.0,38.0,31.0,11.0,4.0,,,R120,9.0,42.0,210.0,66.0,201.0,64.0,150.0,62.0,,,,,,
120,65.5,43.0,37.5,48.0,71.0,26.0,,,,10.0,,,,,R121,22.0,94.0,198.0,63.5,202.0,68.0,190.0,63.5,160.0,64.5,202.0,67.0,,
121,65.5,43.0,37.5,48.0,71.0,26.0,,,,19.0,,,,,R122,15.0,57.0,162.0,64.0,131.0,65.0,160.0,66.0,,,,,,
122,65.5,43.0,37.5,48.0,71.0,26.0,,23.0,35.0,9.0,28.0,18.0,,,R123,18.0,92.0,151.0,63.5,165.0,64.5,162.0,60.0,120.0,61.0,,,,
123,65.5,43.0,37.5,48.0,71.0,26.0,,,,,,6.0,,,R124,18.0,72.0,215.0,64.0,212.0,67.0,210.0,67.5,230.0,68.0,,,,
124,65.5,43.0,37.5,48.0,71.0,26.0,,,,,,12.0,,,R125,11.0,48.0,167.0,69.0,224.0,65.0,170.0,63.5,120.0,63.0,,,,
125,65.5,43.0,37.5,48.0,71.0,26.0,,,,37.0,31.0,,,,R126,10.0,20.0,200.0,71.0,,,,,,,,,,
126,65.5,43.0,37.5,48.0,71.0,26.0,,,,9.5,,,,,R127,15.0,79.0,149.0,64.0,121.0,60.0,162.0,62.0,223.0,63.0,,,,
127,65.5,43.0,37.5,48.0,71.0,26.0,,,50.0,18.0,38.0,10.0,28.0,3.5,R128,13.0,69.0,134.0,63.5,162.0,64.5,214.0,65.0,171.0,63.5,,,,
128,65.5,43.0,37.5,48.0,71.0,26.0,,,39.0,3.5,11.0,2.5,,,R129,10.0,36.0,209.0,65.0,198.0,62.0,191.0,67.0,,,,,,
0,59.0,55.0,34.0,30.0,24.0,5.0,,,,,,,,,R1,10.0,54.5,141.0,60.0,139.0,57.0,,,,,,,,
1,59.0,55.0,34.0,30.0,,25.5,,,,,,,,,R2,10.0,73.5,139.0,57.0,158.0,69.0,123.0,65.5,,,,,,
2,59.0,55.0,34.0,41.0,60.5,40.0,33.0,11.5,19.5,42.0,,,,,R3,7.0,25.0,130.0,63.0,126.0,61.0,,,,,,,,
3,59.0,55.0,34.0,41.0,,,,,,9.5,,,,,R4,5.0,7.0,153.0,69.0,,,,,,,,,,
4,59.0,55.0,34.0,41.0,,,,,,3.0,,,,,R5,5.0,6.0,153.0,64.0,,,,,,,,,,
5,59.0,55.0,34.0,41.0,,,,,,4.5,,,,,R6,5.5,10.0,182.0,67.0,,,,,,,,,,
6,59.0,55.0,34.0,41.0,,,,,,9.0,,,,,R7,5.0,12.0,135.0,62.0,,,,,,,,,,
7,59.0,55.0,34.0,41.0,,,,,,4.5,,,,,R8,6.0,16.0,160.0,64.0,,,,,,,,,,
8,59.0,55.0,34.0,41.0,,,,,,10.0,,,,,R9,7.0,55.0,144.0,67.0,143.0,63.0,,,,,,,,
9,59.0,55.0,34.0,50.0,39.0,8.5,24.5,8.0,14.0,7.0,,,,,R10,5.0,23.0,135.0,63.0,,,,,,,,,,
10,59.0,55.0,34.0,50.0,,,,7.0,18.0,16.0,17.0,2.0,,,R11,5.5,21.5,150.0,67.0,130.0,69.0,,,,,,,,
11,59.0,55.0,34.0,50.0,,,,,,,,3.0,8.0,9.5,R12,6.0,33.0,134.0,64.5,153.0,68.5,,,,,,,,
12,59.0,55.0,34.0,50.0,,,,,,,,,,4.0,R13,4.5,18.0,108.0,56.5,,,,,,,,,,
13,59.0,55.0,34.0,50.0,,,,,17.0,12.0,,,,,R14,6.0,40.0,106.0,62.5,102.0,64.5,,,,,,,,
14,59.0,55.0,34.0,46.0,53.0,8.5,,,,,,,,,R15,10.0,103.0,143.0,67.0,125.0,65.5,201.0,74.0,172.0,72.5,190.0,75.0,,
15,59.0,55.0,34.0,46.0,,,22.0,23.0,,,,,,,R16,5.0,19.0,155.0,69.0,120.0,65.0,,,,,,,,
16,59.0,55.0,34.0,46.0,,,,23.5,,,,,,,R17,4.5,30.0,156.0,68.0,152.0,66.5,,,,,,,,
17,59.0,55.0,34.0,46.0,,,,4.0,,,,,,,R18,5.5,17.0,108.0,69.5,153.0,65.5,,,,,,,,
18,59.0,55.0,34.0,46.0,,,,8.0,,,,,,,R19,10.0,35.5,152.0,65.6,158.0,69.0,,,,,,,,
19,59.0,55.0,34.0,46.0,,,,19.0,20.0,4.5,,,,,R20,7.5,16.0,223.0,67.0,,,,,,,,,,
20,59.0,55.0,34.0,46.0,,30.5,9.0,8.0,,,,,,,R21,10.0,47.5,166.0,65.0,163.0,63.5,163.0,66.5,,,,,,
21,59.0,55.0,34.0,46.0,,11.5,21.0,6.5,13.0,2.0,,,,,R22,7.0,36.0,152.0,69.0,142.0,66.5,,,,,,,,
22,59.0,55.0,34.0,46.0,,,,21.0,,,,,,,R23,6.0,6.0,190.0,71.5,,,,,,,,,,
23,59.0,55.0,34.0,46.0,,,,9.5,13.5,3.0,,,,,R24,7.0,27.0,215.0,69.0,204.0,66.0,,,,,,,,
24,59.0,55.0,34.0,9.0,53.0,13.0,,,,,,,,,R25,10.0,24.0,137.0,65.0,201.0,67.5,,,,,,,,
25,59.0,55.0,34.0,9.0,,,27.0,26.0,,,,,,,R26,7.0,18.0,151.0,63.5,,,,,,,,,,
26,59.0,55.0,34.0,9.0,,,,5.0,,,,,,,R27,12.0,68.0,181.0,66.5,215.0,74.0,211.0,72.5,,,,,,
27,59.0,55.0,34.0,9.0,,,,3.5,,,,,,,R28,3.0,30.5,164.0,68.0,137.0,64.5,169.0,68.0,,,,,,
28,59.0,55.0,34.0,9.0,,,,10.0,,,,,,,R29,7.5,28.0,205.0,69.0,130.0,72.0,,,,,,,,
29,59.0,55.0,34.0,9.0,,,,6.0,,,,,,,R30,12.0,2.0,,,,,,,,,,,,
30,59.0,55.0,34.0,9.0,,,,5.5,,,,,,,R31,9.0,37.5,152.0,60.5,177.0,67.5,,,,,,,,
31,59.0,55.0,34.0,9.0,,,,12.0,19.0,4.5,,,,,R32,7.0,24.0,186.0,70.0,,,,,,,,,,
32,59.0,55.0,34.0,50.0,72.0,6.5,43.0,35.5,26.5,6.0,13.0,6.5,,,R33,7.0,23.0,167.0,67.5,175.0,72.0,,,,,,,,
33,59.0,55.0,34.0,50.0,,,,,,,,6.5,,,R34,8.0,48.0,184.0,63.5,111.0,61.5,102.0,62.5,,,,,,
34,59.0,55.0,34.0,50.0,,,,,,7.0,25.0,10.5,,,R35,9.0,38.0,242.0,73.5,227.0,66.5,,,,,,,,
35,59.0,55.0,34.0,50.0,,,,,,,,3.5,,,R36,11.0,43.0,193.0,71.0,205.0,70.5,,,,,,,,
36,59.0,55.0,34.0,50.0,,,,,,,,11.0,,,R37,8.0,36.0,219.0,75.0,164.0,64.0,,,,,,,,
37,59.0,55.0,34.0,50.0,,,,,,,,8.0,,,R38,7.0,2.5,216.0,71.0,,,,,,,,,,
38,59.0,55.0,34.0,50.0,,,,,,,,12.0,,,R39,14.0,42.0,184.0,67.0,163.0,69.0,198.0,68.0,171.0,64.0,,,,
39,59.0,55.0,34.0,50.0,,,,,,,,3.5,,,R40,14.0,63.0,204.0,71.0,236.0,69.5,171.0,67.0,,,,,,
40,59.0,55.0,34.0,50.0,,20.0,32.0,39.0,22.0,4.5,,,,,R41,9.5,44.0,145.0,63.0,190.0,72.0,202.0,72.0,,,,,,
41,59.0,55.0,34.0,50.0,,,,,,11.5,,,,,R42,9.0,46.0,206.0,71.5,188.0,68.5,186.0,70.0,,,,,,
42,59.0,55.0,34.0,50.0,,,,,,7.0,,,,,R43,10.5,69.0,181.0,69.0,205.0,74.5,214.0,73.0,190.0,70.5,,,,
43,59.0,55.0,34.0,50.0,,,,,,6.5,,,,,R44,13.0,79.0,168.0,69.5,180.0,73.5,199.0,72.0,201.0,71.0,,,,
44,59.0,55.0,34.0,50.0,,,,,,5.5,,,,,R45,14.0,78.0,149.0,60.5,237.0,77.0,200.0,75.0,191.0,65.5,,,,
45,59.0,55.0,34.0,50.0,,7.0,17.0,5.0,,,,,,,R46,8.0,51.0,180.0,69.5,215.0,73.0,202.0,71.5,,,,,,
46,59.0,55.0,34.0,50.0,,18.0,32.0,3.0,,,,,,,R47,7.0,24.0,164.0,62.0,,,,,,,,,,
47,59.0,55.0,34.0,104.0,15.0,2.0,,,,,,,,,R48,8.0,69.5,176.0,70.5,150.0,68.0,140.0,65.0,,,,,,
48,59.0,55.0,34.0,24.0,20.0,7.0,,,,,,,,,R49,5.5,24.5,159.0,66.5,,,,,,,,,,
49,59.0,55.0,34.0,24.0,,9.5,,,,,,,,,R50,4.5,21.0,160.0,67.0,154.0,67.0,,,,,,,,
50,59.0,55.0,34.0,24.0,,14.0,10.0,7.0,,,,,,,R51,6.5,34.0,183.0,69.0,151.0,68.0,147.0,65.0,,,,,,
51,59.0,55.0,34.0,24.0,,,,3.0,,,,,,,R52,5.0,22.5,177.0,69.0,171.0,68.5,123.0,58.5,,,,,,
52,59.0,55.0,34.0,18.0,80.0,9.5,21.0,30.0,,,,,,,R53,13.0,98.0,157.0,63.0,215.0,77.5,214.0,67.5,,,,,,
53,59.0,55.0,34.0,18.0,,,,-11.0,,,,,,,R54,12.5,69.5,150.0,69.5,169.0,67.0,133.0,61.0,146.0,64.0,,,,
54,59.0,55.0,34.0,18.0,,5.0,25.0,6.5,15.0,23.0,,,,,R55,4.0,30.0,201.0,71.5,117.0,60.5,,,,,,,,
55,59.0,55.0,34.0,18.0,,,,,,,11.0,15.0,7.0,5.0,R56,6.0,19.0,118.0,63.5,117.0,60.5,,,,,,,,
56,59.0,55.0,34.0,18.0,,13.0,4.5,17.0,45.0,17.0,11.5,10.0,,,R57,5.5,34.0,169.0,67.0,165.0,65.5,,,,,,,,
57,59.0,55.0,34.0,18.0,,,,,,,,4.5,,,R58,7.5,54.0,177.0,67.5,,,,,,,,,,
58,59.0,55.0,34.0,18.0,,,,4.0,,,,,,,R59,11.0,90.0,142.0,59.5,174.0,65.5,201.0,64.5,169.0,65.5,218.0,67.0,,
59,59.0,55.0,34.0,18.0,,,,9.0,26.5,8.0,,,,,R60,17.0,104.0,178.0,63.5,220.0,67.0,178.0,70.0,200.0,78.5,238.0,74.5,,
60,59.0,55.0,34.0,18.0,,,,,,11.0,,,,,R61,10.0,67.5,153.0,63.0,139.0,65.0,180.0,66.0,,,,,,
61,59.0,55.0,34.0,18.0,,,,,,5.0,12.0,4.0,12.0,4.0,R62,9.0,48.0,249.0,62.5,209.0,72.0,181.0,66.5,,,,,,
62,59.0,55.0,34.0,18.0,,,,,,7.0,32.0,12.5,25.0,6.0,R63,18.0,87.0,199.0,70.0,156.0,65.5,196.0,68.5,164.0,61.0,,,,
63,59.0,55.0,34.0,18.0,,,,,,,,,,7.0,R64,18.0,78.5,197.0,67.5,204.0,72.5,225.0,73.5,199.0,69.0,,,,
64,59.0,55.0,34.0,86.0,36.0,6.0,16.5,14.0,,,,,,,R65,5.5,28.0,155.0,64.0,130.0,61.0,,,,,,,,
65,59.0,55.0,34.0,86.0,,,,24.5,8.0,5.5,,,,,R66,6.0,23.0,128.0,63.0,,,,,,,,,,
66,59.0,55.0,34.0,86.0,,27.0,,,,,,,,,R67,6.5,57.0,147.0,64.5,134.0,61.5,,,,,,,,
67,59.0,55.0,34.0,86.0,,33.0,,,,,,,,,R68,13.0,97.0,200.0,71.0,159.0,64.0,172.0,66.5,,,,,,
68,59.0,55.0,34.0,86.0,,6.0,,,,,,,,,R69,5.0,32.0,170.0,68.0,140.0,62.5,,,,,,,,
69,59.0,55.0,34.0,86.0,,25.0,16.0,11.0,,,,,,,R70,8.5,60.0,140.0,63.0,141.0,72.5,129.0,59.0,,,,,,
70,59.0,55.0,34.0,20.0,55.0,26.0,,,,,,,,,R71,7.0,20.0,171.0,68.0,,,,,,,,,,
71,59.0,55.0,34.0,20.0,,9.0,,,,,,,,,R72,9.0,57.0,172.0,68.5,122.0,57.5,,,,,,,,
72,59.0,55.0,34.0,20.0,,19.5,,,,,,,,,R73,10.0,61.5,141.0,62.0,151.0,64.5,136.0,59.5,,,,,,
73,59.0,55.0,34.0,20.0,,11.0,21.0,12.0,,,,,,,R74,9.5,54.0,173.0,68.0,153.0,64.0,,,,,,,,
74,59.0,55.0,34.0,20.0,,,,10.0,,,,,,,R75,5.0,21.0,132.0,59.5,,,,,,,,,,
75,59.0,55.0,34.0,20.0,,,,9.5,,,,,,,R76,5.5,11.0,124.0,63.0,,,,,,,,,,
76,59.0,55.0,34.0,20.0,,,,14.5,,,,,,,R77,15.5,26.0,137.0,60.5,169.0,64.5,,,,,,,,
77,59.0,55.0,34.0,50.0,45.0,17.5,23.5,2.5,9.0,13.0,5.0,6.0,,,R78,4.0,10.0,137.0,64.5,,,,,,,,,,
78,59.0,55.0,34.0,50.0,,,,2.0,17.5,20.0,,,,,R79,6.0,40.5,148.0,64.0,176.0,68.5,170.0,67.0,,,,,,
79,59.0,55.0,34.0,50.0,,,,,,8.0,,,,,R80,6.5,43.0,160.0,64.0,143.0,62.5,116.0,58.0,,,,,,
80,59.0,55.0,34.0,50.0,,70.0,22.0,6.0,17.5,5.0,,,,,R81,9.5,78.0,156.0,68.0,142.0,64.0,122.0,59.0,,,,,,
81,59.0,55.0,34.0,50.0,,16.0,18.0,5.0,7.5,9.0,,,,,R82,8.0,27.0,164.0,64.5,162.0,69.0,,,,,,,,
82,59.0,55.0,34.0,50.0,,19.0,20.0,16.5,6.5,6.0,,,,,R83,5.0,24.0,144.0,63.0,143.0,62.0,,,,,,,,
83,59.0,55.0,34.0,50.0,,,,,,34.0,11.5,5.0,,,R84,8.5,47.0,192.0,69.5,190.0,70.0,201.0,71.5,,,,,,
84,59.0,55.0,34.0,50.0,,2.0,25.0,3.5,13.0,4.5,,,,,R85,7.0,44.0,175.0,65.5,150.0,72.0,122.0,58.0,,,,,,
85,59.0,55.0,34.0,50.0,,,,,,16.5,,,,,R86,10.0,78.0,137.0,63.0,162.0,66.0,178.0,67.0,147.0,59.0,152.0,65.0,,
86,59.0,55.0,34.0,24.0,19.0,12.0,10.5,2.0,,,,,,,R87,6.0,43.0,175.0,68.0,202.0,69.0,150.0,64.0,,,,,,
87,59.0,55.0,34.0,24.0,,9.0,14.0,10.0,,,,,,,R88,7.5,43.0,148.0,64.0,140.0,62.0,209.0,71.5,,,,,,
88,59.0,55.0,34.0,71.0,14.0,6.5,,,,,,,,,R89,8.0,46.0,151.0,71.0,191.0,70.0,170.0,67.0,,,,,,
89,59.0,55.0,34.0,5.0,38.0,10.5,24.0,25.0,,,,,,,R90,15.0,109.0,203.0,68.0,214.0,73.0,211.0,69.0,212.0,69.0,,,,
90,59.0,55.0,34.0,5.0,,,,,9.0,4.5,,,,,R91,7.5,62.0,265.0,72.0,196.0,70.0,201.0,71.0,190.0,68.5,,,,
91,59.0,55.0,34.0,5.0,,,,,,12.0,24.0,8.0,6.5,6.0,R92,6.0,25.0,,,,,,,,,,,,
92,59.0,55.0,34.0,5.0,,,,,,,,4.5,15.0,5.0,R93,12.0,71.0,159.0,64.5,176.0,67.0,189.0,69.0,193.0,68.0,,,,
93,59.0,55.0,34.0,5.0,,,,,,,,20.0,,,R94,6.0,31.0,129.0,63.5,148.0,65.0,,,,,,,,
94,59.0,55.0,34.0,5.0,,,,,,,,7.5,19.0,4.0,R95,15.0,83.0,285.0,79.0,215.0,70.0,199.0,67.0,245.0,73.0,198.0,68.5,,
95,59.0,55.0,34.0,10.0,69.0,22.0,38.0,7.0,,,,,,,R96,10.0,44.0,188.0,70.0,179.0,71.0,188.0,67.5,181.0,69.5,,,,
96,59.0,55.0,34.0,10.0,,,,4.0,35.0,3.5,,,,,R97,17.0,100.0,179.0,71.0,186.0,70.0,189.0,66.5,222.0,71.5,214.0,72.5,,
97,59.0,55.0,34.0,10.0,,,,,,10.5,,,,,R98,5.0,26.5,251.0,77.5,,,,,,,,,,
98,59.0,55.0,34.0,10.0,,,,,,8.5,,,,,R99,14.5,63.0,256.0,78.5,152.0,72.0,170.0,67.0,,,,,,
99,59.0,55.0,34.0,10.0,,,,,,4.0,,,,,R100,9.0,38.0,179.0,64.5,203.0,70.0,,,,,,,,
100,59.0,55.0,34.0,10.0,,,,,,18.5,,,,,R101,20.0,86.0,179.0,65.5,160.0,65.0,,,,,,,,
101,59.0,55.0,34.0,13.0,,,,,,,,,,,R102,8.0,3.0,194.0,69.0,,,,,,,,,,
102,59.0,55.0,34.0,3.0,22.0,6.0,18.0,33.5,,,,,,,R103,8.0,40.0,189.0,71.5,137.0,61.5,161.0,69.0,,,,,,
103,59.0,55.0,34.0,3.0,,,,5.0,,,,,,,R104,7.0,80.0,167.0,66.5,163.0,66.5,131.0,61.0,181.0,70.0,,,,
104,59.0,55.0,34.0,3.0,,,,5.5,,,,,,,R105,6.5,37.5,143.0,64.5,133.0,60.0,141.0,63.0,,,,,,
105,59.0,55.0,34.0,3.0,,,,10.0,,,,,,,R106,7.0,73.0,169.0,69.5,156.0,65.5,135.0,64.0,142.0,67.0,,,,
106,59.0,55.0,34.0,3.0,,,,5.5,,,,,,,R107,6.5,47.0,146.0,64.0,144.0,63.5,161.0,67.5,,,,,,
107,59.0,55.0,34.0,3.0,,,,5.5,,,,,,,R108,11.0,40.0,191.0,71.5,198.0,72.5,165.0,72.5,,,,,,
108,59.0,55.0,34.0,19.0,10.0,4.5,,,,,,,,,R109,6.5,2.0,177.0,66.0,,,,,,,,,,
109,59.0,55.0,34.0,19.0,,2.5,,,,,,,,,R110,6.0,43.0,163.0,65.5,164.0,64.5,,,,,,,,
110,59.0,55.0,34.0,60.0,81.0,5.0,55.0,7.5,11.5,7.5,,,,,R111,5.5,42.0,175.0,70.0,216.0,73.0,220.0,74.0,,,,,,
111,59.0,55.0,34.0,60.0,,,,32.0,38.0,5.0,23.0,4.5,,,R112,9.0,60.0,162.0,65.5,158.0,66.5,169.0,67.0,140.0,65.0,,,,
112,59.0,55.0,34.0,60.0,,,,,,,,13.5,,,R113,16.5,91.0,146.0,63.0,153.0,62.0,141.0,66.5,240.0,75.0,,,,
113,59.0,55.0,34.0,60.0,,,,,,,,7.0,,,R114,10.0,63.0,206.0,72.0,139.0,63.5,200.0,71.0,215.0,73.0,,,,
114,59.0,55.0,34.0,60.0,,,,,,15.0,,,,,R115,8.5,52.0,217.0,73.5,223.0,71.5,179.0,78.5,,,,,,
115,59.0,55.0,34.0,60.0,,,,,,2.0,24.0,11.5,,,R116,9.0,40.0,236.0,72.0,189.0,70.0,,,,,,,,
116,59.0,55.0,34.0,60.0,,,,,,,,7.0,,,R117,10.5,35.0,223.0,73.5,212.0,72.5,209.0,73.0,245.0,75.5,215.0,72.0,,
117,59.0,55.0,34.0,60.0,,,,,,,,4.5,,,R118,6.5,31.0,181.0,67.0,158.0,71.5,,,,,,,,
118,59.0,55.0,34.0,60.0,,,,,,,,22.5,,,R119,8.0,39.0,170.0,58.0,141.0,61.0,,,,,,,,
119,59.0,55.0,34.0,60.0,,,,,,,,8.0,,,R120,6.0,28.5,191.0,68.5,181.0,70.0,202.0,73.0,,,,,,
120,59.0,55.0,34.0,60.0,,,,,,,,15.0,,,R121,14.5,59.0,171.0,65.0,161.0,64.5,,,,,,,,
121,59.0,55.0,34.0,60.0,,7.0,49.0,32.0,15.0,19.5,,,,,R122,10.0,39.0,190.0,67.0,161.0,59.0,207.0,71.0,,,,,,
122,59.0,55.0,34.0,60.0,,,,,,12.0,7.5,4.0,,,R123,4.0,18.0,197.0,69.0,203.0,72.0,,,,,,,,
123,59.0,55.0,34.0,60.0,,,,,,,,3.5,,,R124,6.5,36.0,199.0,69.5,203.0,71.0,,,,,,,,
124,59.0,55.0,34.0,60.0,,,,1.0,,,,,,,R125,8.5,58.0,219.0,73.0,152.0,69.0,170.0,67.0,,,,,,
125,59.0,55.0,34.0,60.0,,,,16.0,20.0,4.5,,,,,R126,8.5,38.0,180.0,70.0,174.0,71.5,200.0,68.0,,,,,,
126,59.0,55.0,34.0,60.0,,,,27.0,,,,,,,R127,11.0,56.0,208.0,71.0,194.0,70.0,201.0,69.5,,,,,,
127,59.0,55.0,34.0,60.0,,,,10.5,,,,,,,R128,12.0,46.5,225.0,71.5,230.0,75.5,189.0,67.5,,,,,,
128,59.0,55.0,34.0,60.0,,7.0,16.0,7.0,,,,,,,R129,13.5,55.0,216.0,71.5,213.0,80.0,202.0,69.0,,,,,,
0,64.5,54.5,38.0,50.0,26.5,5.0,,,,,,,,,R1,16.0,92.0,110.0,59.0,108.0,58.5,113.0,60.0,,,,,,
1,64.5,54.5,38.0,50.0,26.5,5.0,15.0,16.0,10.0,10.5,8.5,2.0,,,R2,4.0,25.0,120.0,60.0,115.0,59.0,111.0,57.0,,,,,,
2,64.5,54.5,38.0,50.0,26.5,5.0,,,,25.0,5.5,6.0,,,R3,4.5,17.5,125.0,61.0,139.0,61.5,,,,,,,,
3,64.5,54.5,38.0,50.0,26.5,5.0,,,,4.5,5.5,7.0,,,R4,4.5,34.5,116.0,63.0,118.0,62.0,135.0,63.5,,,,,,
4,64.5,54.5,38.0,32.0,14.5,17.0,,,,,,,,,R5,6.5,64.0,36.0,42.0,28.0,40.0,,,,,,,,
5,64.5,54.5,38.0,32.0,14.5,6.0,,,,,,,,,R6,5.0,34.0,25.0,39.0,,,,,,,,,,
6,64.5,54.5,38.0,32.0,14.5,4.5,,,,,,,,,R7,6.5,61.0,61.0,52.5,46.0,50.5,,,,,,,,
7,64.5,54.5,38.0,12.5,24.0,7.5,14.0,5.5,,,,,,,R8,4.5,15.0,129.0,63.0,133.0,62.5,,,,,,,,
8,64.5,54.5,38.0,12.5,24.0,7.5,,38.5,,,,,,,R9,7.5,44.5,118.0,59.5,136.0,64.0,151.0,64.0,,,,,,
9,64.5,54.5,38.0,12.5,24.0,7.5,,13.5,,,,,,,R10,6.0,45.0,63.0,54.0,67.0,42.0,,,,,,,,
10,64.5,54.5,38.0,12.5,24.0,7.5,,7.0,,,,,,,R11,7.0,46.5,155.0,67.0,160.0,64.0,142.0,62.5,,,,,,
11,64.5,54.5,38.0,11.0,54.5,6.0,36.0,9.0,24.0,25.0,,,,,R12,8.0,86.0,165.0,68.0,170.0,61.0,156.0,65.0,147.0,68.0,,,,
12,64.5,54.5,38.0,11.0,54.5,6.0,,,,4.0,,,,,R13,7.0,60.0,161.0,66.0,133.0,59.5,139.0,62.0,,,,,,
13,64.5,54.5,38.0,11.0,54.5,6.0,,,,14.0,,,,,R14,6.0,48.0,133.0,62.0,159.0,64.0,145.0,62.5,,,,,,
14,64.5,54.5,38.0,11.0,54.5,6.0,,,,4.0,,,,,R15,11.0,79.0,145.0,63.5,173.0,67.0,156.0,65.5,171.0,68.0,,,,
15,64.5,54.5,38.0,11.0,54.5,6.0,,40.0,9.5,10.0,,,,,R16,4.5,38.5,138.0,64.5,145.0,63.5,127.0,62.0,,,,,,
16,64.5,54.5,38.0,11.0,54.5,6.0,,,,3.5,,,,,R17,6.0,51.0,144.0,65.0,171.0,68.0,136.0,64.0,,,,,,
17,64.5,54.5,38.0,11.0,54.5,6.0,,8.5,14.0,5.0,,,,,R18,7.0,65.5,129.0,63.0,146.0,65.0,,,,,,,,
18,64.5,54.5,38.0,11.0,54.5,6.0,,,17.0,7.0,,,,,R19,10.5,79.0,133.0,62.0,148.0,66.0,153.0,68.0,,,,,,
19,64.5,54.5,38.0,38.0,56.5,69.0,34.0,22.0,20.0,20.0,,,,,R20,5.5,26.0,163.0,65.0,133.0,59.0,,,,,,,,
20,64.5,54.5,38.0,38.0,56.5,69.0,,,,10.0,,,,,R21,11.0,34.5,142.0,64.5,137.0,62.5,126.0,61.5,,,,,,
21,64.5,54.5,38.0,38.0,56.5,69.0,,,,3.0,,,,,R22,11.5,63.0,173.0,69.5,145.0,62.5,158.0,60.0,,,,,,
22,64.5,54.5,38.0,38.0,56.5,69.0,49.0,45.0,22.5,2.0,,,,,R23,6.0,34.0,146.0,63.0,159.0,65.0,177.0,64.0,,,,,,
23,64.5,54.5,38.0,38.0,56.5,69.0,,,,32.5,,,,,R24,7.0,45.0,154.0,58.5,184.0,69.0,201.0,70.5,,,,,,
24,64.5,54.5,38.0,38.0,56.5,69.0,,,,4.0,,,,,R25,4.5,40.0,161.0,65.0,197.0,69.0,173.0,68.0,,,,,,
25,64.5,54.5,38.0,38.0,56.5,69.0,,,,4.0,,,,,R26,9.0,74.0,177.0,62.0,186.0,64.0,209.0,69.0,182.0,65.0,,,,
26,64.5,54.5,38.0,38.0,56.5,69.0,,,,5.0,,,,,R27,12.0,67.0,166.0,60.0,179.0,67.0,,,,,,,,
27,64.5,54.5,38.0,38.0,56.5,69.0,,,,5.0,,,,,R28,8.0,63.0,163.0,65.0,160.0,64.0,152.0,63.5,,,,,,
28,64.5,54.5,38.0,38.0,56.5,69.0,,,,4.5,,,,,R29,11.5,82.0,190.0,69.0,201.0,70.1,209.0,71.0,176.0,66.0,,,,
29,64.5,54.5,38.0,38.0,56.5,69.0,,,,3.0,,,,,R30,7.0,71.0,173.0,56.0,178.0,67.0,170.0,63.5,,,,,,
30,64.5,54.5,38.0,38.0,56.5,69.0,,,,4.0,,,,,R31,9.5,32.0,201.0,71.5,133.0,61.5,180.0,70.0,188.0,70.5,,,,
31,64.5,54.5,38.0,38.0,56.5,69.0,,,12.5,7.0,,,,,R32,10.0,22.0,223.0,69.0,188.0,67.0,,,,,,,,
32,64.5,54.5,38.0,38.0,56.5,69.0,,,,10.0,,,,,R33,11.0,59.0,172.0,68.0,195.0,69.5,154.0,65.0,,,,,,
33,64.5,54.5,38.0,38.0,56.5,69.0,,,,6.0,,,,,R34,11.5,47.0,158.0,67.0,173.0,68.0,151.0,64.5,129.0,59.5,,,,
34,64.5,54.5,38.0,38.0,56.5,69.0,,,,34.0,37.0,,,,R35,11.5,45.5,186.0,66.5,193.0,68.0,,,,,,,,
35,64.5,54.5,38.0,38.0,56.5,69.0,,,,,,,,,R36,21.0,82.0,176.0,54.0,198.0,66.5,171.0,63.5,,,,,,
36,64.5,54.5,38.0,36.0,72.0,40.0,11.0,15.0,,,,,,,R37,8.0,60.0,169.0,62.0,173.0,64.0,140.0,63.0,152.0,61.0,,,,
37,64.5,54.5,38.0,36.0,72.0,2.0,34.0,38.0,,,,,,,R38,11.0,92.0,170.0,63.5,193.0,67.0,203.0,69.0,116.0,59.5,,,,
38,64.5,54.5,38.0,36.0,72.0,2.0,75.0,25.0,68.0,14.0,11.0,23.0,,,R39,8.0,53.0,177.0,66.8,164.0,64.5,150.0,64.5,157.0,66.0,,,,
39,64.5,54.5,38.0,36.0,72.0,2.0,,,,,,5.5,,,R40,6.5,24.5,166.0,67.5,188.0,65.5,154.0,62.5,,,,,,
40,64.5,54.5,38.0,36.0,72.0,2.0,,,,,,14.5,,,R41,15.0,45.0,183.0,70.0,181.0,69.0,197.0,70.0,,,,,,
41,64.5,54.5,38.0,36.0,72.0,2.0,,,,,,4.0,,,R42,9.5,38.0,159.0,65.0,153.0,64.0,187.0,67.0,172.0,67.0,,,,
42,64.5,54.5,38.0,36.0,72.0,2.0,,,,15.0,,,,,R43,9.5,59.5,153.0,63.0,175.0,64.0,190.0,67.0,,,,,,
43,64.5,54.5,38.0,36.0,72.0,2.0,,,,53.0,,,,,R44,5.0,11.5,175.0,67.0,144.0,63.0,,,,,,,,
44,64.5,54.5,38.0,36.0,72.0,2.0,,,,13.5,,,,,R45,9.0,25.0,145.0,63.0,178.0,69.0,141.0,66.5,,,,,,
45,64.5,54.5,38.0,36.0,72.0,2.0,,,,3.5,,,,,R46,10.5,40.0,201.0,68.0,188.0,66.0,223.0,69.0,193.0,67.0,,,,
46,64.5,54.5,38.0,36.0,72.0,2.0,,,50.5,60.0,20.5,12.0,,,R47,5.5,24.5,,,,,,,,,,,,
47,64.5,54.5,38.0,36.0,72.0,2.0,,,,,,10.0,,,R48,10.0,14.0,,,,,,,,,,,,
48,64.5,54.5,38.0,36.0,72.0,2.0,,,,,,65.0,,,R49,7.5,49.0,192.0,69.5,203.0,68.0,214.0,73.0,,,,,,
49,64.5,54.5,38.0,36.0,72.0,2.0,,,,,,-4.0,,,R50,10.5,34.0,211.0,68.0,173.0,66.5,,,,,,,,
50,64.5,54.5,38.0,36.0,72.0,2.0,,,,4.0,,,,,R51,16.0,60.0,185.0,66.0,217.0,69.0,157.0,62.0,,,,,,
51,64.5,54.5,38.0,111.0,27.0,16.0,19.0,1.0,,,,,,,R52,7.0,68.0,202.0,68.5,199.0,68.0,163.0,65.0,187.0,66.5,,,,
52,64.5,54.5,38.0,111.0,27.0,16.0,23.0,3.0,14.0,13.5,,,,,R53,6.0,71.0,223.0,69.0,229.0,71.0,198.0,70.5,182.0,68.0,,,,
53,64.5,54.5,38.0,111.0,27.0,16.0,,,,19.5,,,,,R54,5.0,46.0,187.0,67.0,197.0,71.5,181.0,69.0,145.0,67.0,,,,
54,64.5,54.5,38.0,111.0,27.0,16.0,,,,4.0,,,,,R55,5.5,62.0,214.0,69.0,201.0,70.0,193.0,66.0,,,,,,
55,64.5,54.5,38.0,111.0,27.0,16.0,,,,19.5,,,,,R56,5.0,34.5,189.0,65.5,192.0,71.0,141.0,64.5,,,,,,
56,64.5,54.5,38.0,111.0,27.0,16.0,,,,4.5,,,,,R57,6.0,62.0,160.0,65.0,186.0,68.0,158.0,63.0,,,,,,
57,64.5,54.5,38.0,111.0,27.0,16.0,8.0,0.5,,,,,,,R58,8.0,125.0,205.0,69.5,193.0,67.0,155.0,63.0,,,,,,
58,64.5,54.5,38.0,33.0,32.0,25.5,15.0,2.0,,,,,,,R59,8.0,57.0,176.0,62.0,183.0,64.0,143.0,62.0,,,,,,
59,64.5,54.5,38.0,33.0,32.0,25.5,14.5,4.0,8.5,5.0,,,,,R60,6.0,63.5,226.0,72.0,203.0,70.5,198.0,70.0,176.0,68.0,124.0,65.0,,
60,64.5,54.5,38.0,33.0,32.0,25.5,,,,6.5,,,,,R61,3.5,27.0,159.0,62.5,173.0,73.0,203.0,72.5,,,,,,
61,64.5,54.5,38.0,43.0,43.0,49.0,55.0,12.0,34.0,0.5,6.5,6.0,,,R62,6.0,25.5,218.0,69.0,209.0,66.5,176.0,62.5,,,,,,
62,64.5,54.5,38.0,43.0,43.0,49.0,,,,10.5,11.5,2.0,,,R63,6.5,61.5,144.0,65.0,173.0,67.0,,,,,,,,
63,64.5,54.5,38.0,43.0,43.0,49.0,,,,9.0,15.0,4.0,,,R64,7.0,78.0,193.0,68.0,172.0,65.0,,,,,,,,
64,64.5,54.5,38.0,43.0,43.0,49.0,,,,9.0,12.5,11.5,12.0,-9.0,R65,4.0,19.0,149.0,60.0,168.0,64.5,226.0,70.0,198.0,69.0,,,,
65,64.5,54.5,38.0,43.0,43.0,49.0,,,,,,,,5.0,R66,7.0,62.0,200.0,69.0,199.0,68.0,196.0,69.0,,,,,,
66,64.5,54.5,38.0,43.0,43.0,49.0,,,,8.0,14.5,4.0,,,R67,5.0,4.0,214.0,70.0,187.0,67.0,,,,,,,,
67,64.5,54.5,38.0,43.0,43.0,49.0,,,,,,12.0,,,R68,9.0,74.0,135.0,62.0,124.0,64.0,161.0,65.0,,,,,,
68,64.5,54.5,38.0,43.0,43.0,49.0,,,,,,2.5,12.0,,R69,7.0,50.0,135.0,63.5,166.0,65.0,,,,,,,,
69,64.5,54.5,38.0,66.0,18.0,6.0,11.0,15.0,11.5,4.0,,,,,R70,6.0,72.0,154.0,62.5,172.0,67.0,,,,,,,,
70,64.5,54.5,38.0,66.0,18.0,6.0,,,,8.0,,,,,R71,6.5,44.0,135.0,61.0,132.0,62.0,156.0,65.0,,,,,,
71,64.5,54.5,38.0,62.0,50.5,11.0,10.0,14.0,,,,,,,R72,7.0,63.0,130.0,62.0,175.0,68.0,179.0,67.0,186.0,66.5,,,,
72,64.5,54.5,38.0,62.0,50.5,11.0,,4.0,,,,,,,R73,8.5,75.0,139.0,62.0,207.0,68.0,164.0,65.0,,,,,,
73,64.5,54.5,38.0,62.0,50.5,11.0,,13.0,12.5,14.5,,,,,R74,10.0,65.0,144.0,66.0,150.0,67.0,,,,,,,,
74,64.5,54.5,38.0,62.0,50.5,11.0,,,,3.5,,,,,R75,8.0,39.0,132.0,65.0,116.0,61.0,,,,,,,,
75,64.5,54.5,38.0,62.0,50.5,11.0,,,,35.0,42.0,10.0,,,R76,5.5,48.0,148.0,66.0,144.0,63.0,135.0,64.0,152.0,63.5,,,,
76,64.5,54.5,38.0,62.0,50.5,11.0,,,,,,14.0,30.5,15.5,R77,7.5,48.0,192.0,66.5,161.0,66.5,134.0,66.0,,,,,,
77,64.5,54.5,38.0,62.0,50.5,11.0,,,,,,,,17.0,R78,7.5,28.0,120.0,60.0,169.0,68.5,173.0,65.0,,,,,,
78,64.5,54.5,38.0,62.0,50.5,11.0,,,,,,,,,R79,9.0,73.0,240.0,68.5,209.0,67.0,189.0,66.0,,,,,,
79,64.5,54.5,38.0,62.0,50.5,11.0,,,,,,,,,R80,7.5,67.0,126.0,61.0,182.0,68.0,,,,,,,,
80,64.5,54.5,38.0,62.0,50.5,11.0,,,,,,,,,R81,13.5,81.0,174.0,67.0,148.0,64.5,173.0,68.0,,,,,,
81,64.5,54.5,38.0,9.0,30.5,61.0,,,,,,,,,R82,9.5,85.0,180.0,70.0,205.0,72.5,199.0,71.0,186.0,68.0,,,,
82,64.5,54.5,38.0,9.0,30.5,5.0,21.0,8.0,7.0,5.5,,,,,R83,7.0,43.5,147.0,65.0,168.0,65.0,147.0,64.0,,,,,,
83,64.5,54.5,38.0,9.0,30.5,5.0,,,,3.0,,,,,R84,10.5,74.0,165.0,68.0,124.0,64.0,148.0,66.0,,,,,,
84,64.5,54.5,38.0,9.0,30.5,5.0,,,,17.0,,,,,R85,9.5,69.0,139.0,64.0,157.0,68.5,166.0,69.0,,,,,,
85,64.5,54.5,38.0,9.0,30.5,5.0,,,,4.0,,,,,R86,7.0,30.0,129.0,63.0,155.0,67.0,163.0,70.0,134.0,61.0,,,,
86,64.5,54.5,38.0,9.0,30.5,5.0,,,,18.0,,,,,R87,7.0,10.5,162.0,64.0,147.0,63.0,169.0,68.5,138.0,61.0,,,,
87,64.5,54.5,38.0,9.0,30.5,5.0,,,,4.0,,,,,R88,10.0,44.0,142.0,61.5,169.0,68.0,173.0,70.0,,,,,,
88,64.5,54.5,38.0,57.0,75.0,9.0,,,,,,,,,R89,9.5,94.0,129.0,62.0,145.0,63.5,,,,,,,,
89,64.5,54.5,38.0,57.0,75.0,23.0,,,,,,,,,R90,10.5,116.0,160.0,71.0,184.0,78.0,130.0,65.0,,,,,,
90,64.5,54.5,38.0,57.0,75.0,23.0,18.0,15.0,,,,,,,R91,5.0,36.0,153.0,66.0,108.0,59.0,,,,,,,,
91,64.5,54.5,38.0,57.0,75.0,23.0,,20.5,,,,,,,R92,9.0,83.0,144.0,64.5,217.0,72.5,201.0,70.0,175.0,68.5,168.0,65.0,,
92,64.5,54.5,38.0,57.0,75.0,4.0,19.0,4.5,,,,,,,R93,7.0,45.0,120.0,69.0,116.0,67.5,,,,,,,,
93,64.5,54.5,38.0,57.0,75.0,4.0,,9.0,,,,,,,R94,5.5,40.0,157.0,69.0,145.0,61.5,188.0,70.0,,,,,,
94,64.5,54.5,38.0,57.0,75.0,4.0,,10.0,,,,,,,R95,7.5,38.0,162.0,63.0,163.0,65.5,184.0,65.5,,,,,,
95,64.5,54.5,38.0,57.0,75.0,4.0,,12.0,,,,,,,R96,9.0,80.0,207.0,69.5,175.0,68.5,160.0,65.0,,,,,,
96,64.5,54.5,38.0,57.0,75.0,4.0,,6.0,,,,,,,R97,7.5,13.0,179.0,68.5,159.0,62.5,,,,,,,,
97,64.5,54.5,38.0,57.0,75.0,4.0,,6.0,,,,,,,R98,7.5,56.0,164.0,66.0,178.0,64.0,156.0,64.0,,,,,,
98,64.5,54.5,38.0,57.0,75.0,26.0,,,,,,,,,R99,9.0,67.0,173.0,62.0,137.0,64.0,,,,,,,,
99,64.5,54.5,38.0,57.0,75.0,18.5,,,,,,,,,R100,7.5,39.0,147.0,64.5,205.0,68.5,213.0,71.5,181.0,67.0,,,,
100,64.5,54.5,38.0,57.0,75.0,11.0,,,,,,,,,R101,7.0,39.0,166.0,67.0,118.0,59.0,,,,,,,,
101,64.5,54.5,38.0,57.0,75.0,6.5,,,,,,,,,R102,12.0,87.0,136.0,69.5,168.0,70.0,139.0,35.0,,,,,,
102,64.5,54.5,38.0,57.0,75.0,9.5,,,,,,,,,R103,11.0,63.0,109.0,55.0,181.0,65.0,199.0,68.0,,,,,,
103,64.5,54.5,38.0,30.5,105.5,27.0,68.0,11.0,,,,,,,R104,7.5,74.5,176.0,62.5,203.0,66.5,218.0,68.5,177.0,69.0,,,,
104,64.5,54.5,38.0,30.5,105.5,27.0,51.0,12.5,9.0,12.0,,,,,R105,8.0,44.0,203.0,72.5,246.0,74.5,207.0,71.0,196.0,70.0,,,,
105,64.5,54.5,38.0,30.5,105.5,27.0,,23.0,27.0,16.0,,,,,R106,11.0,14.0,,,,,,,,,,,,
106,64.5,54.5,38.0,30.5,105.5,27.0,,,,20.0,,,,,R107,5.5,24.5,155.0,62.0,197.0,68.0,164.0,65.0,,,,,,
107,64.5,54.5,38.0,30.5,105.5,27.0,,,,10.5,,,,,R108,7.5,18.5,153.0,67.0,209.0,62.5,178.0,62.0,,,,,,
108,64.5,54.5,38.0,30.5,105.5,27.0,,,,5.5,,,,,R109,13.0,38.0,168.0,62.0,,,,,,,,,,
109,64.5,54.5,38.0,30.5,105.5,27.0,,,,6.0,,,,,R110,17.0,81.0,157.0,60.0,157.0,64.5,,,,,,,,
110,64.5,54.5,38.0,30.5,105.5,27.0,,4.0,,,,,,,R111,5.0,37.0,188.0,65.0,143.0,61.5,,,,,,,,
111,64.5,54.5,38.0,30.5,105.5,27.0,,,34.0,8.0,30.0,6.5,,,R112,10.5,30.5,183.0,66.5,156.0,60.0,191.0,68.0,,,,,,
112,64.5,54.5,38.0,30.5,105.5,27.0,,,,,,11.0,,,R113,5.0,102.5,189.0,65.5,205.0,67.5,189.0,60.0,176.0,62.0,,,,
113,64.5,54.5,38.0,30.5,105.5,27.0,,,,,,9.0,23.0,4.0,R114,6.5,41.0,169.0,64.0,198.0,67.0,177.0,65.5,,,,,,
114,64.5,54.5,38.0,30.5,105.5,27.0,,,,,,,,5.0,R115,17.0,120.0,189.0,66.8,206.0,72.5,186.0,69.0,,,,,,
115,64.5,54.5,38.0,30.5,105.5,27.0,,,,,,4.0,21.0,6.0,R116,9.5,34.0,153.0,61.0,172.0,65.0,203.0,65.0,,,,,,
116,64.5,54.5,38.0,30.5,105.5,27.0,,,,,,,,4.0,R117,8.0,50.0,204.0,69.5,168.0,65.0,196.0,69.0,,,,,,
117,64.5,54.5,38.0,30.5,105.5,27.0,,,,,,,,,R118,13.5,72.0,208.0,67.5,177.0,61.5,200.0,68.0,226.0,72.0,,,,
118,64.5,54.5,38.0,30.5,105.5,27.0,,,72.0,22.0,33.0,24.0,,,R119,13.0,89.0,162.0,62.5,197.0,64.5,181.0,63.0,,,,,,
119,64.5,54.5,38.0,30.5,105.5,27.0,,,,,,8.0,,,R120,11.5,20.5,176.0,61.5,187.0,63.5,153.0,68.0,127.0,64.0,147.0,62.0,,
120,64.5,54.5,38.0,30.5,105.5,27.0,,,,,,21.0,,,R121,10.5,47.0,181.0,63.5,200.0,65.0,172.0,63.0,186.0,65.0,,,,
121,64.5,54.5,38.0,30.5,105.5,27.0,,,,,,,,3.0,R122,8.0,33.5,185.0,62.5,186.0,66.5,154.0,69.0,214.0,67.0,,,,
122,64.5,54.5,38.0,30.5,105.5,27.0,,,,,,4.5,26.5,6.0,R123,18.5,52.0,148.0,66.5,187.0,69.0,,,,,,,,
123,64.5,54.5,38.0,30.5,105.5,27.0,,,,,,,,2.0,R124,7.5,22.0,165.0,62.5,192.0,68.5,229.0,72.0,,,,,,
124,64.5,54.5,38.0,30.5,105.5,27.0,,,,,,,,5.5,R125,14.0,132.0,209.0,70.5,219.0,72.5,178.0,68.0,,,,,,
125,64.5,54.5,38.0,129.0,30.5,9.5,22.0,18.0,20.5,4.5,,,,,R126,6.0,69.0,166.0,66.5,150.0,61.0,176.0,66.0,,,,,,
126,64.5,54.5,38.0,129.0,30.5,9.5,,,,,10.0,22.4,,,R127,5.5,39.5,145.0,54.0,166.0,60.0,,,,,,,,
127,64.5,54.5,38.0,129.0,30.5,9.5,,,,,,9.0,,,R128,5.5,42.0,185.0,69.0,171.0,65.0,181.0,66.0,150.0,61.0,,,,
128,64.5,54.5,38.0,129.0,30.5,9.5,,,,,,7.0,,,R129,5.0,31.0,179.0,68.0,180.0,68.0,204.0,70.0,,,,,,
129,64.5,54.5,38.0,129.0,30.5,9.5,,,,,6.5,16.5,,,R130,10.0,70.0,151.0,63.0,149.0,62.0,,,,,,,,
130,64.5,54.5,38.0,129.0,30.5,9.5,,,,,,6.0,,,R131,5.5,34.0,198.0,68.0,176.0,65.0,148.0,63.5,,,,,,
131,64.5,54.5,38.0,129.0,30.5,9.5,,,,,,9.0,,,R132,5.0,41.0,111.0,59.0,163.0,65.0,147.0,65.5,,,,,,
132,64.5,54.5,38.0,129.0,30.5,9.5,,,,,,9.0,,,R133,7.0,59.0,165.0,63.0,188.0,67.0,153.0,65.0,,,,,,
133,64.5,54.5,38.0,129.0,30.5,9.5,,,,,,5.5,,,R134,7.0,53.0,178.0,67.0,173.0,56.0,,,,,,,,
134,64.5,54.5,38.0,3.5,32.5,11.0,30.0,37.0,22.0,7.0,,,,,R135,3.5,17.0,137.0,62.5,140.0,63.0,197.0,68.0,,,,,,
135,64.5,54.5,38.0,3.5,32.5,11.0,,,,16.0,10.0,3.5,,,R136,7.0,46.0,120.0,62.0,157.0,65.0,161.0,65.5,,,,,,
136,64.5,54.5,38.0,3.5,32.5,11.0,,,,6.0,9.0,4.0,,,R137,6.5,20.0,159.0,66.0,200.0,72.5,189.0,69.0,,,,,,
137,64.5,54.5,38.0,3.5,32.5,11.0,,,,,,7.5,,,R138,8.0,38.0,172.0,63.0,168.0,61.0,,,,,,,,
138,64.5,54.5,38.0,3.5,19.0,10.0,34.0,4.5,14.0,12.5,,,,,R139,11.0,42.0,183.0,67.0,141.0,62.0,153.0,64.0,,,,,,
139,64.5,54.5,38.0,3.5,19.0,10.0,,,,9.0,,,,,R140,5.5,32.0,175.0,65.0,156.0,62.0,,,,,,,,
140,64.5,54.5,38.0,3.5,23.0,16.0,10.0,9.0,,,,,,,R141,6.0,33.5,193.0,65.0,160.0,66.0,201.0,69.5,,,,,,
141,64.5,54.5,38.0,3.5,23.0,16.0,,5.0,,,,,,,R142,5.0,42.5,160.0,64.0,189.0,69.0,191.0,69.0,199.0,70.0,,,,
142,64.5,54.5,38.0,3.5,23.0,16.0,,21.0,21.0,6.0,14.0,5.0,,,R143,8.0,140.0,150.0,64.5,136.0,61.5,172.0,66.0,,,,,,
143,64.5,54.5,38.0,3.5,23.0,16.0,,,,16.0,16.5,6.5,,,R144,6.5,39.0,118.0,62.0,125.0,64.0,,,,,,,,
144,64.5,54.5,38.0,3.5,23.0,16.0,,,,,,2.0,,,R145,7.0,39.5,157.0,66.0,,,,,,,,,,
145,64.5,54.5,38.0,3.5,23.0,16.0,,,,,,4.5,,,R146,13.5,95.0,116.0,68.0,147.0,67.5,,,,,,,,
146,64.5,54.5,38.0,3.5,47.5,5.0,,,,,,,,,R147,9.5,67.0,142.0,64.5,139.0,63.5,,,,,,,,
147,64.5,54.5,38.0,3.5,47.5,13.0,,,,,,,,,R148,5.0,15.0,133.0,62.5,116.0,62.5,,,,,,,,
148,64.5,54.5,38.0,3.5,47.5,8.0,,,,,,,,,R149,6.5,59.0,173.0,68.0,160.0,59.0,153.0,64.0,,,,,,
149,64.5,54.5,38.0,3.5,47.5,11.0,11.0,1.5,,,,,,,R150,6.5,39.0,164.0,64.5,165.0,68.0,170.0,61.0,167.0,65.0,147.0,68.0,,
150,64.5,54.5,38.0,3.5,47.5,28.0,19.0,9.0,,,,,,,R151,5.5,20.5,155.0,67.0,146.0,63.5,,,,,,,,
151,64.5,54.5,38.0,3.5,47.5,28.0,,17.0,,,,,,,R152,8.5,53.0,163.0,68.0,175.0,69.0,,,,,,,,
152,64.5,54.5,38.0,3.5,47.5,28.0,,9.5,,,,,,,R153,19.0,45.0,157.0,60.0,140.0,62.0,121.0,59.0,,,,,,
153,64.5,54.5,38.0,3.5,47.5,28.0,,8.5,,,,,,,R154,7.5,20.5,129.0,65.0,168.0,66.5,182.0,65.0,,,,,,
154,64.5,54.5,38.0,3.5,47.5,28.0,,4.0,,,,,,,R155,11.0,59.0,113.0,58.0,144.0,63.0,,,,,,,,
155,64.5,54.5,38.0,3.5,47.5,47.0,37.0,6.0,,,,,,,R156,23.5,135.0,206.0,74.0,164.0,67.0,156.0,65.0,,,,,,
156,64.5,54.5,38.0,3.5,47.5,47.0,,28.0,25.5,10.0,,,,,R157,7.0,26.0,109.0,63.0,197.0,76.0,,,,,,,,
157,64.5,54.5,38.0,3.5,47.5,47.0,,,,14.0,,,,,R158,17.0,45.0,108.0,67.5,141.0,64.5,,,,,,,,
158,64.5,54.5,38.0,3.5,47.5,47.0,,,,6.5,,,,,R159,12.0,32.0,158.0,63.0,189.0,69.0,205.0,72.5,,,,,,
0,64.0,51.0,117.0,77.0,25.0,13.0,20.0,3.0,12.0,22.0,,,,,R1,12.0,53.0,114.0,57.0,116.0,55.0,118.0,58.5,,,,,,
1,64.0,51.0,117.0,77.0,25.0,13.0,,,,6.0,,,,,R2,10.5,49.0,195.0,60.0,190.0,62.5,,,,,,,,
2,64.0,51.0,117.0,77.0,25.0,34.0,13.0,4.5,8.0,5.0,,,,,R3,4.5,38.0,170.0,56.0,169.0,54.5,,,,,,,,
3,64.0,51.0,117.0,77.0,25.0,34.0,,,,3.5,,,,,R4,4.5,22.5,118.0,59.0,,,,,,,,,,
4,64.0,51.0,117.0,77.0,25.0,34.0,,3.0,,,,,,,R5,6.0,55.0,159.0,67.0,150.0,67.5,152.0,69.0,,,,,,
5,64.0,51.0,117.0,77.0,25.0,44.0,,,,,,,,,R6,7.5,40.0,158.0,65.0,196.0,71.0,,,,,,,,
6,64.0,51.0,117.0,77.0,25.0,5.0,8.0,12.0,,,,,,,R7,6.5,39.0,119.0,59.0,188.0,61.0,125.0,63.0,,,,,,
7,64.0,51.0,117.0,77.0,42.0,4.0,,,,,,,,,R8,10.0,67.0,118.0,58.0,120.0,59.5,135.0,60.0,,,,,,
8,64.0,51.0,117.0,77.0,42.0,4.0,12.0,10.0,,,,,,,R9,7.0,56.0,117.0,59.5,116.0,58.0,118.0,59.0,,,,,,
9,64.0,51.0,117.0,77.0,42.0,4.0,,13.0,,,,,,,R10,10.0,77.0,128.0,60.0,119.0,59.0,130.0,62.5,,,,,,
10,64.0,51.0,117.0,77.0,42.0,60.0,24.0,5.5,11.5,11.0,,,,,R11,3.5,1.0,135.0,60.5,,,,,=,,,,,
11,64.0,51.0,117.0,77.0,42.0,60.0,,,,5.5,,,,,R12,9.0,64.0,120.0,59.5,116.0,58.5,127.0,60.0,,,,,,
12,64.0,51.0,117.0,77.0,42.0,60.0,,,,11.0,,,,,R13,4.5,22.0,136.0,63.0,160.0,66.0,,,,,,,,
13,64.0,51.0,117.0,77.0,42.0,60.0,,3.5,12.5,8.0,,,,,R14,7.0,40.0,106.0,60.0,122.0,60.5,,,,,,,,
14,64.0,51.0,117.0,77.0,42.0,60.0,,,,4.0,,,,,R15,7.0,49.0,115.0,58.0,118.0,59.0,128.0,60.5,,,,,,
15,64.0,51.0,117.0,77.0,42.0,60.0,,,,14.0,,,,,R16,8.5,26.0,167.0,68.5,,,,,,,,,,
16,64.0,51.0,117.0,77.0,42.0,60.0,,,,5.0,,,,,R17,5.0,30.0,120.0,59.5,140.0,63.0,,,,,,,,
17,64.0,51.0,117.0,77.0,67.0,24.0,12.0,10.0,,,,,,,R18,10.0,38.0,116.0,58.0,111.0,59.0,118.0,60.0,,,,,,
18,64.0,51.0,117.0,77.0,67.0,24.0,,9.0,,,,,,,R19,9.5,73.0,139.0,62.0,169.0,65.5,108.0,58.0,,,,,,
19,64.0,51.0,117.0,77.0,67.0,14.0,61.0,12.0,12.0,13.0,,,,,R20,10.5,57.0,186.0,72.0,185.0,69.5,189.0,66.0,,,,,,
20,64.0,51.0,117.0,77.0,67.0,14.0,,19.0,,,,,,,R21,12.0,89.0,152.0,66.5,168.0,68.0,158.0,63.5,190,66.5,,,,
21,64.0,51.0,117.0,77.0,67.0,14.0,,25.0,25.0,8.0,,,,,R22,9.0,10.0,130.0,60.0,,,,,,,,,,
22,64.0,51.0,117.0,77.0,67.0,14.0,,,,8.0,,,,,R23,10.0,9.0,163.0,65.5,,,,,,,,,,
23,64.0,51.0,117.0,77.0,67.0,14.0,,,,13.5,,,,,R24,8.0,42.0,159.0,65.0,160.0,64.0,,,,,,,,
24,64.0,51.0,117.0,77.0,67.0,14.0,,,,8.5,,,,,R25,14.0,38.0,160.0,66.5,167.0,66.5,136.0,62.0,,,,,,
25,64.0,51.0,117.0,77.0,67.0,14.0,,,,4.0,,,,,R26,16.0,65.0,148.0,63.5,198.0,71.5,160.0,64.0,,,,,,
26,64.0,51.0,117.0,31.0,24.0,13.5,21.0,4.0,,,,,,,R27,7.0,41.0,,,,,,,,,,,,
27,64.0,51.0,117.0,31.0,60.0,13.0,28.0,33.0,,,,,,,R28,7.0,17.5,168.0,68.5,,,,,,,,,,
28,64.0,51.0,117.0,31.0,60.0,13.0,,15.0,,,,,,,R29,8.0,26.0,134.0,61.5,159.0,64.5,141.0,63.5,,,,,,
29,64.0,51.0,117.0,31.0,60.0,13.0,,11.0,,,,,,,R30,9.0,40.0,159.0,64.0,184.0,69.5,190.0,66.0,,,,,,
30,64.0,51.0,117.0,31.0,60.0,3.5,36.5,5.0,,,,,,,R31,25.0,123.0,119.0,58.0,152.0,63.5,159.0,62.0,197,70.0,199.0,72.0,,
31,64.0,51.0,117.0,31.0,60.0,36.5,38.0,5.5,,,,,,,R32,23.0,117.0,184.0,71.0,188.0,71.5,169.0,66.5,175,73.0,,,,
32,64.0,51.0,117.0,31.0,60.0,36.5,,14.0,7.0,5.0,,,,,R33,14.0,3.0,151.0,64.5,,,,,,,,,,
33,64.0,51.0,117.0,31.0,60.0,36.5,,,,7.5,,,,,R34,6.5,15.0,126.0,59.0,129.0,61.0,,,,,,,,
34,64.0,51.0,117.0,31.0,60.0,36.5,,,,-3.5,,,,,R35,14.5,47.0,145.0,62.0,182.0,67.5,122.0,60.0,142,68.0,,,,
35,64.0,51.0,117.0,31.0,60.0,36.5,,,,6.5,,,,,R36,7.5,29.0,144.0,64.0,169.0,68.0,163.0,65.5,,,,,,
36,64.0,51.0,117.0,130.0,55.5,50.0,17.0,4.0,,,,,,,R37,12.0,65.0,150.0,65.0,199.0,70.0,200.0,74.0,,,,,,
37,64.0,51.0,117.0,130.0,55.5,50.0,,2.5,,,,,,,R38,8.5,49.0,136.0,62.0,138.0,63.0,130.0,61.0,,,,,,
38,64.0,51.0,117.0,130.0,55.5,50.0,,15.0,,,,,,,R39,9.0,53.0,139.0,63.0,167.0,66.5,150.0,65.0,,,,,,
39,64.0,51.0,117.0,130.0,55.5,50.0,,6.0,,,,,,,R40,6.5,45.0,117.0,58.0,121.0,59.5,,,,,,,,
40,64.0,51.0,117.0,130.0,55.5,11.0,9.0,12.5,,,,,,,R41,7.0,22.0,139.0,62.0,124.0,59.5,,,,,,,,
41,64.0,51.0,117.0,130.0,55.5,11.0,,19.5,,,,,,,R42,4.5,40.0,189.0,70.5,170.0,67.0,225.0,75.0,,,,,,
42,64.0,51.0,117.0,130.0,55.5,65.0,,,,,,,,,R43,6.0,37.0,140.0,62.0,171.0,68.0,,,,,,,,
43,64.0,51.0,117.0,130.0,55.5,4.5,23.0,6.0,,,,,,,R44,10.0,51.0,207.0,72.0,169.0,66.5,,,,,,,,
44,64.0,51.0,117.0,130.0,55.5,4.0,29.0,10.5,,,,,,,R45,11.0,56.0,130.0,58.0,168.0,66.0,220.0,74.5,,,,,,
45,64.0,51.0,117.0,130.0,55.5,4.0,,9.0,,,,,,,R46,12.0,56.0,181.0,68.0,170.0,68.0,162.0,65.5,,,,,,
46,64.0,51.0,117.0,130.0,55.5,4.0,,4.5,,,,,,,R47,14.5,53.5,190.0,70.0,231.0,74.0,167.0,67.5,119,60.0,,,,
47,64.0,51.0,117.0,130.0,69.0,25.0,15.0,13.0,,,,,,,R48,9.0,26.0,132.0,60.5,157.0,63.5,,,,,,,,
48,64.0,51.0,117.0,130.0,69.0,33.0,7.5,28.5,,,,,,,R49,5.0,27.5,126.0,59.0,119.0,58.5,,,,,,,,
49,64.0,51.0,117.0,130.0,69.0,3.0,,,,,,,,,R50,7.0,54.0,113.0,57.0,129.0,61.0,,,,,,,,
50,64.0,51.0,117.0,130.0,69.0,10.5,11.0,5.0,,,,,,,R51,5.5,20.5,140.0,63.0,156.0,65.0,,,,,,,,
51,64.0,51.0,117.0,130.0,69.0,12.5,,,,,,,,,R52,5.0,16.0,123.0,58.5,,,,,,,,,,
52,64.0,51.0,117.0,130.0,69.0,-5.0,,,,,,,,,R53,12.0,94.0,137.0,63.0,143.0,62.5,154.0,64.5,126,60.0,145.0,63.0,169.0,
53,64.0,51.0,117.0,130.0,69.0,17.5,12.5,15.0,,,,,,,R54,5.5,18.0,172.0,65.5,119.0,59.5,,,,,,,,
54,64.0,51.0,117.0,130.0,69.0,17.5,,21.5,,,,,,,R55,7.0,39.0,126.0,62.0,164.0,66.5,146.0,65.0,,,,,,
55,64.0,51.0,117.0,130.0,69.0,16.5,18.0,8.0,,,,,,,R56,9.0,15.5,140.0,62.5,250.0,75.0,,,,,,,,
56,64.0,51.0,117.0,130.0,69.0,3.0,,,,,,,,,R57,7.5,29.5,135.0,60.5,239.0,73.0,,,,,,,,
57,64.0,51.0,117.0,130.0,69.0,2.0,22.5,4.5,,,,,,,R58,16.5,111.0,181.0,68.5,168.0,68.0,154.0,64.5,170,65.5,150.0,62.5,,
58,64.0,51.0,117.0,130.0,69.0,4.5,19.0,23.0,,,,,,,R59,7.0,39.0,196.0,71.0,181.0,69.0,173.0,66.0,,,,,,
59,64.0,51.0,117.0,130.0,69.0,4.5,,14.5,,,,,,,R60,17.0,132.0,147.0,63.0,259.0,75.0,222.0,73.0,117,60.0,150.0,63.5,,
60,64.0,51.0,85.0,87.0,40.0,9.0,10.0,28.0,,,,,,,R61,4.5,40.0,182.0,68.5,160.0,67.0,,,,,,,,
61,64.0,51.0,85.0,46.0,37.5,32.0,41.5,2.0,,,,,,,R62,10.0,93.5,130.0,59.0,156.0,58.5,228.0,72.5,128,65.0,,,,
62,64.0,51.0,85.0,46.0,37.5,32.0,,,15.5,7.5,,,,,R63,6.5,32.5,230.0,74.0,130.0,62.0,,,,,,,,
63,64.0,51.0,85.0,46.0,37.5,32.0,,,,15.0,12.0,13.0,,,R64,5.0,29.0,134.0,62.5,,,,,,,,,,
64,64.0,51.0,85.0,46.0,37.5,32.0,,,,,,4.0,,,R65,5.0,3.5,164.0,67.0,,,,,,,,,,
65,64.0,51.0,85.0,46.0,37.5,32.0,,,,,,6.0,,,R66,5.5,39.0,174.0,62.5,180.0,69.5,,,,,,,,
66,64.0,51.0,85.0,46.0,37.5,32.0,,,,,,7.5,,,R67,5.0,11.0,149.0,64.0,,,,,,,,,,
67,64.0,51.0,85.0,46.0,37.5,32.0,,,,,,13.5,,,R68,6.5,38.0,150.0,65.0,142.0,63.5,,,,,,,,
68,64.0,51.0,85.0,46.0,55.0,6.5,26.0,12.0,15.0,5.0,12.0,5.0,,,R69,8.0,71.0,148.0,63.0,147.0,63.0,138.0,64.0,,,,,,
69,64.0,51.0,85.0,46.0,55.0,6.5,,,,,,20.0,,,R70,8.0,69.0,180.0,64.5,145.0,62.0,,,,,,,,
70,64.0,51.0,85.0,46.0,20.0,11.0,12.0,4.5,,,,,,,R71,7.0,57.0,134.0,61.0,165.0,68.0,201.0,71.5,,,,,,
71,64.0,51.0,85.0,46.0,20.0,11.0,,,6.0,9.0,,,,,R72,5.0,32.0,162.0,64.0,170.0,62.5,,,,,,,,
72,64.0,51.0,85.0,46.0,20.0,11.0,,,,-5.0,,,,,R73,9.0,58.0,183.0,65.5,180.0,66.5,,,,,,,,
73,64.0,51.0,85.0,46.0,48.5,5.0,,,,,,,,,R74,15.5,80.0,235.0,70.0,207.0,69.0,173.0,77.5,,,,,,
74,64.0,51.0,85.0,46.0,48.5,25.0,11.5,16.0,,,,,,,R75,7.0,70.0,229.0,78.0,138.0,61.0,142.0,63.5,,,,,,
75,64.0,51.0,85.0,46.0,48.5,25.0,,6.0,,,,,,,R76,5.0,34.0,136.0,61.0,198.0,68.0,,,,,,,,
76,64.0,51.0,85.0,46.0,48.5,25.0,,12.0,,,,,,,R77,6.0,33.0,152.0,65.5,119.0,60.0,,,,,,,,
77,64.0,51.0,85.0,46.0,48.5,6.0,30.0,27.0,,,,,,,R78,8.0,35.0,172.0,67.0,147.0,63.0,,,,,,,,
78,64.0,51.0,85.0,46.0,48.5,6.0,,6.0,,,,,,,R79,12.0,74.0,181.0,69.0,179.0,69.5,214.0,72.5,,,,,,
79,64.0,51.0,85.0,46.0,48.5,6.0,,12.0,,,,,,,R80,17.5,93.0,152.0,65.5,148.0,63.5,197.0,70.0,,,,,,
80,64.0,51.0,85.0,46.0,48.5,6.0,,4.0,,,,,,,R81,15.0,67.0,200.0,71.0,164.0,70.0,,,,,,,,
81,64.0,51.0,85.0,46.0,48.5,6.0,,3.5,,,,,,,R82,16.5,83.0,220.0,73.5,141.0,63.0,195.0,73.5,204,78.5,,,,
82,64.0,51.0,85.0,46.0,48.5,5.0,13.0,16.0,,,,,,,R83,9.5,56.0,143.0,64.0,165.0,65.5,155.0,65.0,,,,,,
83,64.0,51.0,85.0,46.0,48.5,5.0,,6.0,,,,,,,R84,7.5,55.0,139.0,63.5,164.0,65.0,121.0,60.0,,,,,,
84,64.0,51.0,85.0,46.0,48.5,5.0,,,25.0,42.0,,,,,R85,15.0,67.0,172.0,66.0,200.0,70.5,203.0,71.0,,,,,,
85,64.0,51.0,85.0,46.0,48.5,5.0,,,,10.0,9.0,7.0,,,R86,8.5,46.0,203.0,68.5,201.0,69.5,,,,,,,,
86,64.0,51.0,85.0,46.0,48.5,5.0,,,,12.0,17.5,5.0,,,R87,8.0,32.0,185.0,65.5,193.0,69.0,,,,,,,,
87,64.0,51.0,85.0,46.0,48.5,5.0,,,,,,3.0,,,R88,7.5,31.0,206.0,71.5,189.0,67.0,,,,,,,,
88,64.0,51.0,85.0,46.0,48.5,5.0,,,,,,17.0,,,R89,12.0,49.0,175.0,71.0,180.0,68.0,,,,,,,,
89,64.0,51.0,85.0,46.0,48.5,5.0,,,,,,15.0,,,R90,11.5,47.0,211.0,91.0,141.0,61.5,,,,,,,,
90,64.0,51.0,85.0,46.0,48.5,5.0,,,,,,1.5,,,R91,6.0,3.0,122.0,61.5,,,,,,,,,,
91,64.0,51.0,85.0,46.0,48.5,5.0,,,,,,4.0,,,R92,5.5,47.0,198.0,72.0,220.0,75.0,,,,,,,,
92,64.0,51.0,85.0,46.0,48.5,5.0,,,44.0,22.0,21.5,6.5,,,R93,15.0,72.0,215.0,69.0,184.0,68.0,122.0,59.0,,,,,,
93,64.0,51.0,85.0,46.0,48.5,5.0,,,,,,5.0,,,R94,11.5,63.0,173.0,67.0,180.0,68.5,178.0,68.0,,,,,,
94,64.0,51.0,85.0,46.0,48.5,5.0,,,,7.0,45.0,5.5,11.5,11.0,R95,5.5,21.0,212.0,73.0,,,,,,,,,,
95,64.0,51.0,85.0,46.0,48.5,5.0,,,,,,25.0,14.5,3.5,R96,8.0,42.0,165.0,67.0,153.0,62.0,,,,,,,,
96,64.0,51.0,85.0,46.0,48.5,5.0,,,,,,,,0.0,R97,10.0,60.0,192.0,70.5,182.0,68.0,165.0,65.0,,,,,,
97,64.0,51.0,85.0,46.0,48.5,5.0,,,,,,,21.0,20.0,R98,14.5,45.0,224.0,75.0,191.0,69.0,183.0,67.5,,,,,,
98,64.0,51.0,85.0,46.0,48.5,5.0,,,,,,,7.5,14.0,R99,7.5,34.0,162.0,65.0,174.0,71.0,,,,,,,,
99,64.0,51.0,85.0,46.0,48.5,5.0,,,,,,,,12.0,R100,6.0,38.0,135.0,62.0,197.0,70.0,,,,,,,,
100,64.0,51.0,85.0,46.0,48.5,5.0,,,,,,,,17.0,R101,8.0,31.0,166.0,67.0,166.0,66.5,171.0,65.5,,,,,,
101,64.0,51.0,85.0,46.0,48.5,5.0,,,,,,,,-7.5,R102,9.0,47.0,173.0,66.0,196.0,71.5,148.0,63.0,,,,,,
102,64.0,51.0,85.0,46.0,48.5,5.0,,,,,,,,3.5,R103,9.0,31.0,174.0,67.0,187.0,69.5,,,,,,,,
103,64.0,51.0,85.0,46.0,48.5,5.0,,,,,,,,9.0,R104,5.0,64.0,171.0,67.5,134.0,63.5,176.0,68.5,,,,,,
104,64.0,51.0,85.0,46.0,48.5,5.0,,,,,,,,5.5,R105,10.0,35.0,231.0,73.0,233.0,74.0,159.0,69.0,,,,,,
105,64.0,51.0,85.0,46.0,48.5,5.0,,,,,,,,3.0,R106,14.5,69.0,137.0,62.0,193.0,69.0,153.0,65.0,,,,,,
106,64.0,51.0,117.5,84.0,30.0,9.0,14.0,6.0,,,,,,,R107,6.5,52.0,146.0,61.0,169.0,65.0,172.0,65.5,,,,,,
107,64.0,51.0,117.5,84.0,30.0,9.0,,9.5,,,,,,,R108,7.0,50.0,134.0,63.0,132.0,62.5,176.0,67.5,,,,,,
108,64.0,51.0,117.5,84.0,30.0,9.0,,8.0,,,,,,,R109,7.5,45.0,172.0,68.0,143.0,65.0,162.0,69.5,,,,,,
109,64.0,51.0,117.5,84.0,32.0,5.0,,,,,,,,,R110,9.0,54.0,156.0,66.5,185.0,71.0,,,,,,,,
110,64.0,51.0,117.5,84.0,32.0,7.0,12.0,4.5,,,,,,,R111,6.0,31.0,136.0,61.5,101.0,57.5,,,,,,,,
111,64.0,51.0,117.5,84.0,32.0,7.0,,8.5,,,,,,,R112,17.0,44.0,164.0,69.0,153.0,66.5,,,,,,,,
112,64.0,51.0,117.5,84.0,32.0,7.0,,15.0,6.0,8.0,,,,,R113,6.0,22.0,196.0,67.0,,,,,,,,,,
113,64.0,51.0,117.5,84.0,32.0,7.0,,,,4.0,,,,,R114,5.0,24.0,132.0,63.0,110.0,62.0,,,,,,,,
114,64.0,51.0,117.5,84.0,32.0,7.0,,18.0,7.0,7.0,,,,,R115,6.5,17.0,102.0,59.0,,,,,,,,,,
115,64.0,51.0,117.5,40.0,80.0,10.0,18.5,15.0,14.0,2.5,9.0,10.0,,,R116,5.0,34.0,101.0,56.0,107.0,59.0,,,,,,,,
116,64.0,51.0,117.5,40.0,80.0,10.0,,,,,,11.0,,,R117,5.0,22.0,167.0,67.5,130.0,63.0,,,,,,,,
117,64.0,51.0,117.5,42.0,42.0,11.0,,,,,,,,,R118,7.5,33.0,161.0,65.0,152.0,66.0,,,,,,,,
118,64.0,51.0,117.5,42.0,42.0,28.0,11.5,10.5,,,,,,,R119,5.0,18.0,118.0,60.0,,,,,,,,,,
119,64.0,51.0,117.5,42.0,42.0,43.0,11.5,7.0,,,,,,,R120,5.5,56.0,116.0,59.5,119.0,60.0,,,,,,,,
120,64.0,51.0,117.5,42.0,42.0,15.0,8.0,13.5,,,,,,,R121,6.5,24.0,105.0,58.0,,,,,,,,,,
121,64.0,51.0,117.5,42.0,42.0,5.0,7.5,12.5,,,,,,,R122,6.0,43.0,120.0,60.5,125.0,62.5,,,,,,,,
122,64.0,51.0,117.5,42.0,42.0,15.0,37.0,7.0,,,,,,,R123,7.0,18.0,118.0,60.0,136.0,63.0,,,,,,,,
123,64.0,51.0,117.5,42.0,42.0,15.0,,8.0,,,,,,,R124,12.0,75.0,111.0,58.0,140.0,63.0,146.0,63.5,162,68.5,,,,
124,64.0,51.0,117.5,42.0,42.0,15.0,,3.5,,,,,,,R125,10.0,25.0,135.0,63.5,106.0,57.5,,,,,,,,
125,64.0,51.0,117.5,42.0,42.0,15.0,,12.0,,,,,,,R126,18.0,134.0,137.0,63.0,136.0,62.5,178.0,67.5,154,65.5,170.0,67.5,182.0,
126,64.0,51.0,117.5,42.0,42.0,15.0,12.0,5.0,,,,,,,R127,5.5,30.0,138.0,62.5,187.0,71.0,,,,,,,,
127,64.0,51.0,117.5,13.0,53.0,32.0,23.0,8.0,21.0,10.0,,,,,R128,7.0,71.0,172.0,67.0,180.0,65.0,176.0,69.5,,,,,,
128,64.0,51.0,117.5,13.0,53.0,32.0,,,,16.0,14.0,6.0,,,R129,5.0,3.5,111.0,60.0,,,,,,,,,,
129,64.0,51.0,117.5,13.0,53.0,32.0,,,,,,4.0,,,R130,8.0,37.0,159.0,66.5,165.0,67.5,,,,,,,,
130,64.0,51.0,117.5,13.0,53.0,32.0,,,,,,6.0,,,R131,7.0,32.0,170.0,67.0,157.0,66.5,,,,,,,,
131,64.0,51.0,117.5,13.0,53.0,32.0,,,,,,3.5,,,R132,12.0,73.0,186.0,71.0,143.0,65.5,169.0,68.0,,,,,,
132,64.0,51.0,117.5,13.0,53.0,25.0,,,,,,,,,R133,8.0,30.0,181.0,71.0,119.0,61.5,,,,,,,,
133,64.0,51.0,117.5,13.0,53.0,15.0,,,,,,,,,R134,11.0,59.0,223.0,74.5,155.0,66.5,171.0,69.0,156,67.0,125.0,60.5,,
134,64.0,51.0,117.5,13.0,53.0,15.0,,,,,,,,,R135,12.0,35.0,160.0,65.5,152.0,66.0,167.0,67.0,,,,,,
135,64.0,51.0,117.5,13.0,53.0,26.0,16.0,3.0,,,,,,,R136,13.5,75.0,173.0,68.0,125.0,61.0,162.0,69.0,159,66.5,,,,
136,64.0,51.0,117.5,13.0,53.0,17.5,34.5,7.5,12.5,6.5,,,,,R137,10.0,43.0,180.0,69.0,192.0,71.0,199.0,73.5,,,,,,
137,64.0,51.0,117.5,13.0,53.0,17.5,,,,4.0,,,,,R138,6.5,20.5,127.0,61.5,162.0,64.5,,,,,,,,
138,64.0,51.0,117.5,13.0,53.0,17.5,,,,7.0,,,,,R139,10.0,70.0,175.0,67.0,169.0,67.0,205.0,72.0,154,64.0,,,,
139,64.0,51.0,117.5,13.0,53.0,17.5,,-26.0,,,,,,,R140,20.0,90.0,159.0,66.0,189.0,67.5,196.0,71.5,204,70.0,213.0,71.0,,
140,64.0,51.0,117.5,26.0,66.0,18.0,47.0,5.5,16.0,12.0,,,,,R141,7.0,41.0,161.0,64.5,139.0,60.5,180.0,73.0,,,,,,
141,64.0,51.0,117.5,26.0,66.0,18.0,,,,4.5,,,,,R142,7.0,55.0,143.0,62.5,152.0,69.5,,,,,,,,
142,64.0,51.0,117.5,26.0,66.0,18.0,,,,17.0,,,,,R143,9.0,33.0,156.0,64.5,150.0,63.5,,,,,,,,
143,64.0,51.0,117.5,26.0,66.0,18.0,,,,7.0,,,,,R144,8.5,55.0,184.0,63.0,157.0,64.5,190.0,70.5,,,,,,
144,64.0,51.0,117.5,26.0,66.0,18.0,,2.5,16.0,5.0,,,,,R145,11.0,77.0,196.0,70.5,201.0,71.0,211.0,72.5,,,,,,
145,64.0,51.0,117.5,26.0,66.0,18.0,,,,4.5,,,,,R146,6.0,2.5,220.0,71.0,,,,,,,,,,
146,64.0,51.0,117.5,26.0,66.0,18.0,,20.0,,,,,,,R147,9.0,58.0,181.0,69.0,171.0,67.0,180.0,67.5,,,,,,
147,64.0,51.0,117.5,26.0,66.0,18.0,,12.0,,,,,,,R148,9.5,62.0,157.0,64.5,141.0,62.5,150.0,69.5,,,,,,
148,64.0,51.0,117.5,26.0,66.0,18.0,,8.0,16.0,7.0,,,,,R149,11.0,54.0,182.0,69.5,214.0,73.5,203.0,72.5,,,,,,
149,64.0,51.0,117.5,26.0,66.0,18.0,,,,20.5,,,,,R150,5.0,32.0,186.0,68.0,153.0,67.5,201.0,68.5,,,,,,
150,64.0,51.0,117.5,26.0,66.0,18.0,,,,19.0,,,,,R151,1.0,1.0,111.0,59.0,,,,,,,,,,
151,64.0,51.0,117.5,26.0,66.0,18.0,,,,8.5,10.0,2.5,,,R152,6.0,31.0,152.0,64.5,153.0,69.5,,,,,,,,
152,64.0,51.0,117.5,26.0,66.0,18.0,,,,-30.0,,,,,R153,7.0,40.0,202.0,72.0,172.0,68.0,201.0,69.0,,,,,,
0,60.0,50.0,113.5,80.0,21.0,18.5,11.0,16.0,7.0,10.0,,,,,R1,5.0,42.0,113.0,62.0,108.0,58.5,110.0,59.0,,,,,,
1,60.0,50.0,113.5,80.0,21.5,8.0,11.0,6.5,7.0,10.0,,,,,R2,5.0,35.0,140.0,64.0,159.0,62.5,109.0,59.0,,,,,,
2,60.0,50.0,113.5,80.0,21.5,8.0,11.0,6.5,7.0,6.0,,,,,R3,5.0,18.0,120.0,60.0,125.0,60.5,,,,,,,,
3,60.0,50.0,113.5,80.0,21.5,8.0,11.0,3.5,7.0,6.0,,,,,R4,6.0,36.0,152.0,65.0,136.0,61.5,149.0,63.0,,,,,,
4,60.0,50.0,113.5,80.0,9.0,6.0,2.0,3.5,7.0,6.0,,,,,R5,7.5,4.0,144.0,63.5,,,,,,,,,,
5,60.0,50.0,113.5,80.0,54.0,60.0,5.0,16.0,9.0,6.0,,,,,R6,13.5,99.0,173.0,65.0,168.0,67.0,166.0,65.5,120.0,59.0,,,,
6,60.0,50.0,113.5,80.0,54.0,60.0,19.0,15.0,1.5,6.0,,,,,R7,10.0,53.0,155.0,61.0,161.0,64.0,170.0,68.5,,,,,,
7,60.0,50.0,113.5,80.0,54.0,60.0,19.0,15.0,1.5,18.0,30.0,14.0,,,R8,6.0,50.0,151.0,62.0,109.0,59.0,120.0,59.0,,,,,,
8,60.0,50.0,113.5,80.0,54.0,60.0,19.0,15.0,1.5,18.0,,5.5,,,R9,10.0,76.0,180.0,65.5,197.0,66.0,161.0,65.0,,,,,,
9,60.0,50.0,113.5,80.0,54.0,60.0,19.0,15.0,1.5,18.0,,14.0,,,R10,13.0,99.0,173.0,66.0,215.0,70.0,224.0,65.0,204.0,70.0,,,,
10,60.0,50.0,113.5,80.0,54.0,60.0,19.0,15.0,1.5,18.0,,13.0,,,R11,14.5,89.0,163.0,68.5,205.0,69.0,193.0,65.0,178.0,69.0,,,,
11,60.0,50.0,113.5,80.0,54.0,60.0,19.0,15.0,1.5,18.0,,4.0,,,R12,13.0,56.0,117.0,62.0,160.0,64.0,157.0,64.0,,,,,,
12,60.0,50.0,113.5,80.0,54.0,60.0,19.0,15.0,1.5,12.0,16.5,4.0,,,R13,8.5,69.0,144.0,65.0,173.0,68.0,188.0,65.0,,,,,,
13,60.0,50.0,113.5,80.0,54.0,60.0,19.0,15.0,1.5,32.0,25.0,34.0,10.0,2.5,R14,6.5,58.0,186.0,67.0,130.0,62.5,160.0,64.0,,,,,,
14,60.0,50.0,113.5,80.0,54.0,60.0,19.0,15.0,1.5,32.0,,9.5,,,R15,7.5,60.0,202.0,66.5,192.0,66.0,177.0,64.0,,,,,,
15,60.0,50.0,113.5,80.0,54.0,60.0,19.0,15.0,1.5,32.0,,5.0,18.5,6.5,R16,7.5,57.0,178.0,75.0,209.0,67.0,173.0,63.5,,,,,,
16,60.0,50.0,113.5,80.0,54.0,60.0,19.0,15.0,1.5,32.0,,15.0,17.5,5.0,R17,9.0,49.0,168.0,69.0,219.0,71.5,184.0,63.0,,,,,,
17,60.0,50.0,113.5,80.0,54.0,60.0,19.0,15.0,1.5,32.0,,,,7.0,R18,13.5,87.5,229.0,69.0,147.0,66.0,193.0,73.0,203.0,73.5,,,,
18,60.0,50.0,113.5,38.0,38.0,4.0,19.0,15.0,1.5,32.0,,,,,R19,12.0,108.5,194.0,68.0,139.0,69.0,116.0,59.0,200.0,71.0,195.0,69.5,,
19,60.0,50.0,113.5,38.0,38.0,3.0,26.0,4.0,23.0,25.0,,,,,R20,7.0,46.0,115.0,60.0,129.0,61.0,145.0,65.0,,,,,,
20,60.0,50.0,113.5,38.0,38.0,3.0,26.0,4.0,23.0,10.0,,,,,R21,8.5,75.0,201.0,67.0,192.0,67.5,173.0,63.5,166.0,64.0,,,,
21,60.0,50.0,113.5,38.0,38.0,3.0,26.0,4.0,23.0,4.0,,,,,R22,7.0,61.0,164.0,65.0,162.0,64.0,168.0,65.0,147.0,54.0,,,,
22,60.0,50.0,113.5,38.0,38.0,3.0,26.0,4.0,23.0,12.0,,,,,R23,8.5,1.0,111.0,57.0,,,,,,,,,,
23,60.0,50.0,113.5,38.0,38.0,3.0,26.0,4.0,23.0,20.5,,,,,R24,7.0,28.0,176.0,63.5,149.0,65.0,,,,,,,,
24,60.0,50.0,113.5,38.0,38.0,3.0,26.0,4.0,23.0,5.0,,,,,R25,6.5,65.5,173.0,65.0,182.0,60.0,188.0,60.5,,,,,,
25,60.0,50.0,113.5,38.0,38.0,2.0,36.0,7.0,18.0,6.0,,,,,R26,9.0,52.0,161.0,66.5,134.0,60.0,,,,,,,,
26,60.0,50.0,113.5,38.0,38.0,2.0,36.0,7.0,18.0,15.0,,,,,R27,8.0,55.0,201.0,68.5,189.0,65.0,,,,,,,,
27,60.0,50.0,113.5,38.0,38.0,2.0,36.0,7.0,18.0,5.0,,,,,R28,6.5,34.0,145.0,62.5,168.0,67.0,139.0,62.0,,,,,,
28,60.0,50.0,113.5,38.0,38.0,2.0,36.0,7.0,18.0,5.5,,,,,R29,8.0,48.0,159.0,64.0,165.0,64.0,162.0,63.5,,,,,,
29,60.0,50.0,113.5,38.0,38.0,2.0,36.0,7.0,18.0,12.0,,,,,R30,11.0,95.0,173.0,67.0,156.0,65.5,171.0,68.0,181.0,66.0,,,,
30,60.0,50.0,113.5,38.0,38.0,2.0,36.0,1.5,17.5,19.5,,,,,R31,7.0,26.0,136.0,65.0,146.0,63.0,159.0,64.0,143.0,63.5,,,,
31,60.0,50.0,113.5,38.0,38.0,2.0,36.0,1.5,17.5,4.5,,,,,R32,10.0,55.0,184.0,69.0,149.0,63.0,196.0,67.0,,,,,,
32,60.0,50.0,113.5,38.0,38.0,2.0,36.0,1.5,17.5,7.5,,,,,R33,8.0,33.0,176.0,63.0,180.0,65.5,177.0,64.0,,,,,,
33,60.0,50.0,113.0,118.0,70.5,4.0,15.0,3.0,10.5,6.5,,,,,R34,11.0,71.0,201.0,66.5,187.0,67.0,175.0,65.0,178.0,69.0,,,,
34,60.0,50.0,113.0,118.0,70.5,3.0,15.0,3.0,10.5,6.5,,,,,R35,8.5,88.0,178.0,65.0,192.0,67.5,207.0,70.5,173.0,63.5,,,,
35,60.0,50.0,113.0,6.0,76.0,8.0,53.0,5.0,19.0,6.0,,,,,R36,5.5,88.0,207.0,72.0,169.0,66.5,171.0,68.0,200.0,74.0,,,,
36,60.0,50.0,113.0,6.0,76.0,8.0,53.0,8.0,19.0,6.0,,,,,R37,4.5,25.0,196.0,71.0,181.0,69.0,173.0,66.0,154.0,64.5,,,,
37,60.0,50.0,113.0,6.0,76.0,8.0,53.0,5.0,20.5,15.0,,,,,R38,10.0,67.0,150.0,64.0,136.0,61.5,166.0,66.5,,,,,,
38,60.0,50.0,113.0,6.0,76.0,8.0,53.0,5.0,20.5,21.0,,,,,R39,12.0,127.0,123.0,59.0,150.0,61.0,173.0,67.0,,,,,,
39,60.0,50.0,113.0,6.0,76.0,8.0,53.0,5.0,20.5,7.0,,,,,R40,15.0,87.0,149.0,62.0,179.0,67.0,161.0,65.0,210.0,71.0,,,,
40,60.0,50.0,113.0,6.0,76.0,8.0,53.0,5.0,20.5,6.0,,,,,R41,8.0,68.0,118.0,61.0,164.0,63.0,142.0,64.0,123.0,64.5,,,,
41,60.0,50.0,113.0,6.0,76.0,8.0,53.0,5.0,20.5,25.0,,,,,R42,10.0,65.0,143.0,62.0,172.0,66.0,158.0,64.0,,,,,,
42,60.0,50.0,113.0,6.0,76.0,8.0,53.0,47.0,35.5,40.0,,,,,R43,11.0,69.0,166.0,64.0,179.0,69.5,214.0,72.5,,,,,,
43,60.0,50.0,113.0,6.0,76.0,8.0,53.0,47.0,35.5,32.0,12.5,17.0,,,R44,9.5,53.0,230.0,73.0,144.0,63.5,123.0,61.0,,,,,,
44,60.0,50.0,113.0,6.0,76.0,8.0,53.0,47.0,35.5,32.0,,12.0,,,R45,12.0,45.5,130.0,62.0,175.0,68.0,147.0,63.0,,,,,,
45,60.0,50.0,113.0,6.0,76.0,8.0,53.0,47.0,35.5,7.5,19.0,7.0,,,R46,12.0,76.0,175.0,71.0,176.0,67.0,220.0,64.0,262.0,71.0,195.0,70.0,,
46,60.0,50.0,113.0,6.0,76.0,8.0,53.0,9.0,25.0,16.5,,,,,R47,4.5,20.0,220.0,73.5,141.0,63.0,197.0,70.0,204.0,78.5,199.0,68.5,181.0,66.0
47,60.0,50.0,113.0,6.0,76.0,8.0,53.0,9.0,25.0,15.0,,,,,R48,9.0,64.0,157.0,60.0,140.0,60.0,138.0,64.0,,,,,,
48,60.0,50.0,113.0,6.0,76.0,8.0,53.0,9.0,25.0,5.5,,,,,R49,11.5,106.0,206.0,74.0,164.0,65.0,197.0,70.0,,,,,,
49,60.0,50.0,113.0,6.0,76.0,8.0,53.0,9.0,25.0,5.0,,,,,R50,7.5,31.0,194.0,66.0,156.0,59.0,189.0,69.0,,,,,,
50,60.0,50.0,113.0,6.0,76.0,8.0,53.0,9.0,25.0,30.0,,,,,R51,11.0,55.0,187.0,67.0,273.0,68.0,197.0,67.0,189.0,65.5,,,,
51,60.0,50.0,113.0,6.0,76.0,8.0,53.0,28.0,25.0,30.0,,,,,R52,13.0,101.0,181.0,67.0,145.0,62.0,206.0,67.0,,,,,,
52,60.0,50.0,113.0,6.0,76.0,8.0,53.0,10.0,25.0,30.0,,,,,R53,12.0,87.0,188.0,64.0,209.0,64.0,192.0,71.0,,,,,,
53,60.0,50.0,113.0,6.0,76.0,8.0,53.0,3.0,25.0,30.0,,,,,R54,10.5,68.0,175.0,66.5,186.0,64.0,195.0,66.0,,,,,,
54,60.0,50.0,113.0,6.0,76.0,8.0,53.0,16.5,25.0,30.0,,,,,R55,19.0,80.0,137.0,60.0,177.0,62.0,164.0,65.0,182.0,63.0,,,,
55,60.0,50.0,113.0,6.0,76.0,8.0,53.0,22.0,25.0,6.0,,,,,R56,20.0,124.0,198.0,71.0,264.0,68.0,182.0,66.5,,,,,,
56,60.0,50.0,113.0,6.0,76.0,8.0,53.0,2.5,21.0,8.0,,,,,R57,18.5,63.0,146.0,64.0,168.0,67.0,139.0,62.0,205.0,68.0,276.0,72.0,,
57,60.0,50.0,113.0,8.5,18.0,19.5,53.0,2.5,21.0,8.0,,,,,R58,10.0,49.0,136.0,61.5,146.0,62.0,151.0,64.0,,,,,,
58,60.0,50.0,113.0,8.5,18.0,14.5,53.0,2.5,21.0,8.0,,,,,R59,7.0,57.0,126.0,62.0,135.0,60.5,113.0,57.0,,,,,,
59,60.0,50.0,113.0,8.5,18.0,5.5,53.0,2.5,21.0,8.0,,,,,R60,10.5,64.0,115.0,56.0,120.0,59.0,119.0,57.0,121.0,60.0,,,,
60,60.0,50.0,113.0,8.5,18.0,8.0,53.0,2.5,21.0,8.0,,,,,R61,11.0,80.0,153.0,64.0,126.0,60.0,145.0,63.0,,,,,,
61,60.0,50.0,113.0,34.0,69.0,8.0,39.0,29.0,21.0,8.0,,,,,R62,5.0,17.0,120.0,60.0,125.0,60.0,165.0,67.0,188.0,69.0,168.0,69.0,,
62,60.0,50.0,113.0,34.0,69.0,8.0,39.0,20.0,21.0,8.0,,,,,R63,9.5,35.0,173.0,65.0,182.0,68.0,196.0,70.0,,,,,,
63,60.0,50.0,113.0,34.0,69.0,8.0,39.0,5.0,21.0,8.0,,,,,R64,10.5,62.0,169.0,68.0,177.0,70.0,203.0,68.5,,,,,,
64,60.0,50.0,113.0,34.0,69.0,8.0,39.0,22.0,21.0,8.0,,,,,R65,11.5,118.0,168.0,69.0,199.0,68.0,196.0,69.0,214.0,70.0,207.0,71.0,,
65,60.0,50.0,113.0,34.0,69.0,8.0,39.0,5.0,21.0,8.0,,,,,R66,12.0,33.0,171.0,67.0,181.0,69.0,179.0,69.5,214.0,71.5,,,,
66,60.0,50.0,113.0,34.0,69.0,8.0,39.0,11.0,21.0,8.0,,,,,R67,10.0,22.0,172.0,67.0,204.0,70.5,182.0,68.0,,,,,,
67,60.0,50.0,113.0,34.0,69.0,8.0,39.0,3.5,21.0,4.0,,,,,R68,8.5,43.0,200.0,64.0,168.0,64.5,181.0,71.0,209.0,70.5,,,,
68,60.0,50.0,113.0,34.0,69.0,8.0,39.0,3.5,21.0,2.0,,,,,R69,11.5,60.0,173.0,65.0,171.0,64.0,146.0,63.0,,,,,,
69,60.0,50.0,87.5,94.0,46.0,9.0,27.0,6.5,9.0,6.0,,,,,R70,5.0,67.0,186.0,66.5,196.0,68.0,190.0,69.0,,,,,,
70,60.0,50.0,87.5,94.0,46.0,2.5,15.0,5.0,9.0,6.0,,,,,R71,7.0,82.5,163.0,65.0,173.0,56.0,178.0,67.0,201.0,71.6,,,,
71,60.0,50.0,87.5,9.0,13.0,4.0,15.0,5.0,9.0,6.0,,,,,R72,8.0,109.0,159.0,65.0,153.0,64.0,179.0,70.0,,,,,,
72,60.0,50.0,108.0,87.0,63.0,6.0,20.5,10.0,6.0,11.0,,,,,R73,5.0,34.0,120.0,59.0,166.0,67.5,175.0,67.0,,,,,,
73,60.0,50.0,108.0,87.0,63.0,6.0,20.5,10.0,6.0,2.0,,,,,R74,11.5,60.0,131.0,62.0,103.0,59.0,113.0,58.0,,,,,,
74,60.0,50.0,108.0,87.0,63.0,2.5,18.0,34.0,6.0,2.0,,,,,R75,7.5,51.0,126.0,62.0,164.0,66.5,146.0,65.0,,,,,,
75,60.0,50.0,108.0,60.0,39.0,7.5,14.0,12.0,9.5,2.0,,,,,R76,7.0,67.5,164.0,65.0,162.0,64.0,147.0,64.0,166.0,67.5,128.0,65.0,165.0,67.0
76,60.0,50.0,108.0,6.5,61.0,10.0,16.5,8.0,9.5,2.0,,,,,R77,6.5,53.0,125.0,57.0,168.0,65.0,147.0,54.0,165.0,,,,,
77,60.0,50.0,108.0,6.5,61.0,10.0,16.5,4.0,9.5,2.0,,,,,R78,9.0,60.0,165.0,68.0,189.0,69.0,197.0,66.5,191.0,69.0,,,,
78,60.0,50.0,108.0,6.5,61.0,10.0,16.5,5.0,9.5,2.0,,,,,R79,7.0,62.0,175.0,67.0,170.0,63.5,193.0,68.0,,,,,,
79,60.0,50.0,108.0,6.5,61.0,7.0,44.5,76.0,35.5,11.0,30.0,29.0,22.0,12.0,R80,8.5,42.0,188.0,72.0,155.0,68.0,186.0,73.0,,,,,,
80,60.0,50.0,108.0,6.5,61.0,7.0,44.5,76.0,35.5,11.0,,,,4.5,R81,15.0,60.0,132.0,59.5,145.0,61.5,176.0,62.5,,,,,,
81,60.0,50.0,108.0,6.5,61.0,7.0,44.5,76.0,35.5,11.0,,5.0,27.0,23.0,R82,10.0,57.0,152.0,66.0,198.0,72.0,165.0,67.0,,,,,,
82,60.0,50.0,108.0,6.5,61.0,7.0,44.5,76.0,35.5,11.0,,,,4.0,R83,9.0,82.0,151.0,67.0,181.0,67.0,177.0,69.0,,,,,,
83,60.0,50.0,108.0,6.5,61.0,7.0,44.5,76.0,35.5,11.0,,,,4.0,R84,8.5,77.0,188.0,77.0,226.0,66.0,111.0,156.0,208.0,74.0,129.0,65.0,,
84,60.0,50.0,108.0,41.0,82.0,12.5,67.0,31.0,25.0,60.0,13.0,6.5,11.5,4.0,R85,5.5,63.0,104.0,56.0,136.0,69.9,169.0,68.5,,,,,,
85,60.0,50.0,108.0,41.0,82.0,12.5,67.0,31.0,25.0,17.0,23.5,16.0,,,R86,11.0,54.0,155.0,64.0,161.0,64.0,152.0,63.5,,,,,,
86,60.0,50.0,108.0,41.0,82.0,12.5,67.0,31.0,25.0,17.0,,5.0,,,R87,13.5,71.0,217.0,68.0,221.0,66.0,180.0,70.0,165.0,66.5,,,,
87,60.0,50.0,108.0,41.0,82.0,12.5,67.0,31.0,25.0,17.0,,10.0,,,R88,5.5,55.0,,,,,,,,,,,,
88,60.0,50.0,108.0,41.0,82.0,12.5,67.0,31.0,25.0,17.0,,4.0,,,R89,10.0,71.0,187.0,69.0,218.0,73.0,197.0,70.0,,,,,,
89,60.0,50.0,108.0,41.0,82.0,12.5,67.0,31.0,25.0,17.0,,11.5,,,R90,11.5,8.5,195.0,67.0,202.0,68.5,223.0,69.0,192.0,68.0,,,,
90,60.0,50.0,108.0,41.0,82.0,12.5,67.0,31.0,25.0,6.0,7.5,32.0,,,R91,7.0,20.0,168.0,64.0,143.0,60.0,240.0,77.0,,,,,,
91,60.0,50.0,108.0,41.0,82.0,12.5,67.0,31.0,25.0,6.0,,6.0,,,R92,7.5,83.0,110.0,57.0,154.0,62.6,166.0,66.0,184.0,64.5,,,,
92,60.0,50.0,108.0,41.0,82.0,12.5,67.0,31.0,25.0,6.0,,5.5,,,R93,6.5,58.5,201.0,67.0,199.0,66.0,,,,,,,,
93,60.0,50.0,108.0,41.0,82.0,12.5,67.0,31.0,25.0,6.0,,9.5,,,R94,10.0,29.0,244.0,71.0,217.0,70.0,165.0,64.5,,,,,,
94,60.0,50.0,108.0,41.0,82.0,12.5,67.0,31.0,25.0,6.0,,5.5,,,R95,19.0,43.0,125.0,60.5,197.0,68.0,,,,,,,,
95,60.0,50.0,108.0,41.0,82.0,12.5,67.0,31.0,25.0,12.5,27.5,4.5,,,R96,6.5,56.0,215.0,70.5,172.0,61.5,181.0,65.0,,,,,,
96,60.0,50.0,108.0,41.0,82.0,12.5,67.0,31.0,25.0,12.5,,21.5,,,R97,15.0,88.0,158.0,65.0,169.0,68.0,178.0,64.0,,,,,,
97,60.0,50.0,108.0,41.0,82.0,12.5,67.0,31.0,25.0,12.5,,4.5,,,R98,6.5,77.0,214.0,69.0,184.0,63.0,235.0,66.5,,,,,,
98,60.0,50.0,108.0,41.0,82.0,12.5,67.0,31.0,25.0,12.5,,26.0,,,R99,10.0,76.0,158.0,64.0,230.0,72.0,232.0,73.5,204.0,69.5,,,,
99,60.0,50.0,108.0,41.0,82.0,12.5,67.0,31.0,25.0,12.5,,6.0,,,R100,18.0,74.0,229.0,74.0,242.0,73.0,,,,,,,,
100,60.0,50.0,108.0,10.0,71.0,45.0,18.0,27.0,25.0,12.5,,,,,R101,6.0,25.0,137.0,60.0,173.0,62.0,137.0,64.0,,,,,,
101,60.0,50.0,108.0,10.0,71.0,45.0,18.0,3.0,25.0,12.5,,,,,R102,7.0,49.5,143.0,67.5,207.0,70.0,176.0,62.5,169.0,68.5,,,,
102,60.0,50.0,108.0,10.0,71.0,4.5,17.5,17.0,12.5,5.5,,,,,R103,10.5,67.0,256.0,74.0,,,,,,,,,,
103,60.0,50.0,108.0,10.0,71.0,0.0,17.5,17.0,12.5,5.5,,,,,R104,6.5,107.0,178.0,65.0,178.0,66.0,240.0,70.5,177.0,69.0,156.0,64.0,,
104,60.0,50.0,108.0,10.0,71.0,6.5,17.5,13.5,12.5,5.5,,,,,R105,10.0,98.0,161.0,66.5,192.0,67.5,207.0,70.5,173.0,63.5,164.0,65.5,,
105,60.0,50.0,108.0,10.0,71.0,0.0,17.5,13.5,12.5,5.5,,,,,R106,13.5,110.0,285.0,78.0,209.0,67.0,186.0,67.0,201.0,70.0,207.0,69.5,,
106,60.0,50.0,108.0,10.0,71.0,4.0,49.0,8.0,30.0,56.0,,,,,R107,17.5,65.0,142.0,57.9,219.0,71.5,169.0,64.0,,,,,,
